date,account,trades_count,net_pnl,avg_pnl,total_volume,profitable_trades,win_rate,profitable_day,value,classification,sentiment_numeric
2023-01-05,0x3998f134d6aaa2b6a5f723806d00fd2bbbbce891,3,0.0,0.0,477.0,0,0.0,0,29.0,Fear,1.0
2023-05-12,0xb1231a4a2dd02f2276fa3c5e2a2f3436e6bfed23,9,0.0,0.0,50005.83,0,0.0,0,49.0,Neutral,2.0
2024-01-01,0xb1231a4a2dd02f2276fa3c5e2a2f3436e6bfed23,18,-129.5315,-7.1962,264239.53,1,0.05555555555555555,0,65.0,Greed,3.0
2024-01-02,0xb1231a4a2dd02f2276fa3c5e2a2f3436e6bfed23,6,0.0,0.0,2008.18,0,0.0,0,71.0,Greed,3.0
2024-01-03,0x75f7eeb85dc639d5e99c78f95393aa9a5f1170d4,137,8244.2414,60.1769,472974.7,128,0.9343065693430657,1,70.0,Greed,3.0
2024-01-04,0x4f93fead39b70a1824f981a54d4e55b278e9f760,29,0.8409,0.029,134989.44,2,0.06896551724137931,1,68.0,Greed,3.0
2024-01-04,0x75f7eeb85dc639d5e99c78f95393aa9a5f1170d4,48,2507.1225,52.2317,204481.03,40,0.8333333333333334,1,68.0,Greed,3.0
2024-01-05,0x4f93fead39b70a1824f981a54d4e55b278e9f760,14,0.0,0.0,87025.45,0,0.0,0,72.0,Greed,3.0
2024-01-06,0x8477e447846c758f5a675856001ea72298fd9cb5,25,91.5104,3.6604,12834.62,9,0.36,1,70.0,Greed,3.0
2024-01-07,0x4f93fead39b70a1824f981a54d4e55b278e9f760,13,1202.4882,92.4991,97200.55,9,0.6923076923076923,1,71.0,Greed,3.0
2024-01-07,0xb1231a4a2dd02f2276fa3c5e2a2f3436e6bfed23,51,3863.3511,75.752,265469.6,17,0.3333333333333333,1,71.0,Greed,3.0
2024-01-08,0x3998f134d6aaa2b6a5f723806d00fd2bbbbce891,1,0.0,0.0,0.74,0,0.0,0,71.0,Greed,3.0
2024-01-08,0x4f93fead39b70a1824f981a54d4e55b278e9f760,13,0.0,0.0,143995.01,0,0.0,0,71.0,Greed,3.0
2024-01-08,0x8477e447846c758f5a675856001ea72298fd9cb5,34,167.08,4.9141,48714.35,4,0.11764705882352941,1,71.0,Greed,3.0
2024-01-08,0xb1231a4a2dd02f2276fa3c5e2a2f3436e6bfed23,9,0.0,0.0,35064.43,0,0.0,0,71.0,Greed,3.0
2024-01-09,0x8477e447846c758f5a675856001ea72298fd9cb5,12,137.4331,11.4528,12359.68,5,0.4166666666666667,1,76.0,Extreme Greed,4.0
2024-01-10,0x4f93fead39b70a1824f981a54d4e55b278e9f760,4,0.0,0.0,139954.32,0,0.0,0,73.0,Greed,3.0
2024-01-11,0x2c229d22b100a7beb69122eed721cee9b24011dd,14,-0.0991,-0.0071,29949.93,4,0.2857142857142857,0,76.0,Extreme Greed,4.0
2024-01-11,0x4f93fead39b70a1824f981a54d4e55b278e9f760,9,1040.5748,115.6194,231031.1,2,0.2222222222222222,1,76.0,Extreme Greed,4.0
2024-01-12,0x23e7a7f8d14b550961925fbfdaa92f5d195ba5bd,1,0.0,0.0,0.06,0,0.0,0,71.0,Greed,3.0
2024-01-12,0x28736f43f1e871e6aa8b1148d38d4994275d72c4,193,4458.2549,23.0998,47695.56,97,0.5025906735751295,1,71.0,Greed,3.0
2024-01-12,0x3998f134d6aaa2b6a5f723806d00fd2bbbbce891,3,13.5669,4.5223,34.1,2,0.6666666666666666,1,71.0,Greed,3.0
2024-01-12,0x39cef799f8b69da1995852eea189df24eb5cae3c,1,0.0,0.0,199.81,0,0.0,0,71.0,Greed,3.0
2024-01-12,0x47add9a56df66b524d5e2c1993a43cde53b6ed85,4,197.4224,49.3556,1434.86,2,0.5,1,71.0,Greed,3.0
2024-01-12,0x4f93fead39b70a1824f981a54d4e55b278e9f760,27,337.8355,12.5124,600205.84,16,0.5925925925925926,1,71.0,Greed,3.0
2024-01-12,0x8381e6d82f1affd39a336e143e081ef7620a3b7f,3,0.0,0.0,2998.76,0,0.0,0,71.0,Greed,3.0
2024-01-12,0x8477e447846c758f5a675856001ea72298fd9cb5,123,1169.4323,9.5076,109899.26,55,0.44715447154471544,1,71.0,Greed,3.0
2024-01-12,0xa520ded057a32086c40e7dd6ed4eb8efb82c00e0,60,30648.0899,510.8015,47187.27,48,0.8,1,71.0,Greed,3.0
2024-02-01,0xb1231a4a2dd02f2276fa3c5e2a2f3436e6bfed23,17,783.9791,46.1164,121348.74,8,0.47058823529411764,1,63.0,Greed,3.0
2024-02-02,0xb1231a4a2dd02f2276fa3c5e2a2f3436e6bfed23,42,456.4235,10.8672,474278.43,13,0.30952380952380953,1,63.0,Greed,3.0
2024-02-03,0x75f7eeb85dc639d5e99c78f95393aa9a5f1170d4,24,1674.7152,69.7798,60253.79,21,0.875,1,60.0,Greed,3.0
2024-02-03,0xb1231a4a2dd02f2276fa3c5e2a2f3436e6bfed23,7,-1443.8146,-206.2592,2943.77,0,0.0,0,60.0,Greed,3.0
2024-02-04,0x4f93fead39b70a1824f981a54d4e55b278e9f760,37,883.7608,23.8854,224664.62,12,0.32432432432432434,1,60.0,Greed,3.0
2024-02-04,0xb1231a4a2dd02f2276fa3c5e2a2f3436e6bfed23,4,0.0,0.0,14999.89,0,0.0,0,60.0,Greed,3.0
2024-02-06,0x8477e447846c758f5a675856001ea72298fd9cb5,93,192.9069,2.0743,29464.51,34,0.3655913978494624,1,64.0,Greed,3.0
2024-02-07,0xb1231a4a2dd02f2276fa3c5e2a2f3436e6bfed23,18,2421.2531,134.5141,33347.47,13,0.7222222222222222,1,62.0,Greed,3.0
2024-02-08,0x4f93fead39b70a1824f981a54d4e55b278e9f760,36,0.0,0.0,295967.16,0,0.0,0,66.0,Greed,3.0
2024-02-08,0x8477e447846c758f5a675856001ea72298fd9cb5,15,228.2477,15.2165,29767.08,12,0.8,1,66.0,Greed,3.0
2024-02-08,0xb1231a4a2dd02f2276fa3c5e2a2f3436e6bfed23,12,554.1205,46.1767,70586.13,5,0.4166666666666667,1,66.0,Greed,3.0
2024-02-09,0x4f93fead39b70a1824f981a54d4e55b278e9f760,2,0.0,0.0,30000.42,0,0.0,0,72.0,Greed,3.0
2024-02-10,0x4f93fead39b70a1824f981a54d4e55b278e9f760,4,0.0,0.0,99954.34,0,0.0,0,74.0,Greed,3.0
2024-02-11,0x4f93fead39b70a1824f981a54d4e55b278e9f760,2,0.0,0.0,40000.0,0,0.0,0,71.0,Greed,3.0
2024-02-12,0x28736f43f1e871e6aa8b1148d38d4994275d72c4,140,1283.846,9.1703,19651.71,73,0.5214285714285715,1,70.0,Greed,3.0
2024-02-12,0x2c229d22b100a7beb69122eed721cee9b24011dd,52,10970.3829,210.9689,113250.84,29,0.5576923076923077,1,70.0,Greed,3.0
2024-02-12,0x3998f134d6aaa2b6a5f723806d00fd2bbbbce891,1,0.0,0.0,0.0,0,0.0,0,70.0,Greed,3.0
2024-02-12,0x3f9a0aadc7f04a7c9d75dc1b5a6ddd6e36486cf6,1,0.0,0.0,46692.72,0,0.0,0,70.0,Greed,3.0
2024-02-12,0x4f93fead39b70a1824f981a54d4e55b278e9f760,17,754.7378,44.3963,300751.24,6,0.35294117647058826,1,70.0,Greed,3.0
2024-02-12,0x8381e6d82f1affd39a336e143e081ef7620a3b7f,6,0.0,0.0,2043.92,0,0.0,0,70.0,Greed,3.0
2024-02-12,0x8477e447846c758f5a675856001ea72298fd9cb5,8,254.1556,31.7695,13343.43,1,0.125,1,70.0,Greed,3.0
2024-02-12,0xae5eacaf9c6b9111fd53034a602c192a04e082ed,44,0.0,0.0,78277.3,0,0.0,0,70.0,Greed,3.0
2024-03-01,0xb1231a4a2dd02f2276fa3c5e2a2f3436e6bfed23,67,866.0155,12.9256,394499.36,28,0.417910447761194,1,80.0,Extreme Greed,4.0
2024-03-02,0xb1231a4a2dd02f2276fa3c5e2a2f3436e6bfed23,56,223.3092,3.9877,603820.0,6,0.10714285714285714,1,80.0,Extreme Greed,4.0
2024-03-03,0x75f7eeb85dc639d5e99c78f95393aa9a5f1170d4,79,8361.0862,105.8365,390745.68,54,0.6835443037974683,1,83.0,Extreme Greed,4.0
2024-03-04,0x75f7eeb85dc639d5e99c78f95393aa9a5f1170d4,2,126.7884,63.3942,6887.91,1,0.5,1,82.0,Extreme Greed,4.0
2024-03-04,0xb1231a4a2dd02f2276fa3c5e2a2f3436e6bfed23,2,0.0,0.0,9999.66,0,0.0,0,82.0,Extreme Greed,4.0
2024-03-05,0x4f93fead39b70a1824f981a54d4e55b278e9f760,23,5319.8616,231.2983,277373.29,16,0.6956521739130435,1,90.0,Extreme Greed,4.0
2024-03-05,0x75f7eeb85dc639d5e99c78f95393aa9a5f1170d4,7,-13.8446,-1.9778,330.51,1,0.14285714285714285,0,90.0,Extreme Greed,4.0
2024-03-05,0xb1231a4a2dd02f2276fa3c5e2a2f3436e6bfed23,6,0.0,0.0,4978.85,0,0.0,0,90.0,Extreme Greed,4.0
2024-03-06,0x8477e447846c758f5a675856001ea72298fd9cb5,70,562.8082,8.0401,21466.86,44,0.6285714285714286,1,75.0,Extreme Greed,4.0
2024-03-07,0x4f93fead39b70a1824f981a54d4e55b278e9f760,10,1118.3873,111.8387,103880.08,4,0.4,1,82.0,Extreme Greed,4.0
2024-03-07,0xb1231a4a2dd02f2276fa3c5e2a2f3436e6bfed23,8,0.0,0.0,75720.58,0,0.0,0,82.0,Extreme Greed,4.0
2024-03-08,0x3998f134d6aaa2b6a5f723806d00fd2bbbbce891,1,0.0,0.0,0.65,0,0.0,0,81.0,Extreme Greed,4.0
2024-03-08,0x4f93fead39b70a1824f981a54d4e55b278e9f760,13,0.0,0.0,112478.99,0,0.0,0,81.0,Extreme Greed,4.0
2024-03-08,0x8477e447846c758f5a675856001ea72298fd9cb5,1,464.1897,464.1897,4534.09,1,1.0,1,81.0,Extreme Greed,4.0
2024-03-08,0xa520ded057a32086c40e7dd6ed4eb8efb82c00e0,16,0.0,0.0,148506.99,0,0.0,0,81.0,Extreme Greed,4.0
2024-03-08,0xb1231a4a2dd02f2276fa3c5e2a2f3436e6bfed23,6,0.0,0.0,25012.14,0,0.0,0,81.0,Extreme Greed,4.0
2024-03-10,0x3f9a0aadc7f04a7c9d75dc1b5a6ddd6e36486cf6,5,100.3758,20.0752,12926.69,3,0.6,1,79.0,Extreme Greed,4.0
2024-03-10,0x4f93fead39b70a1824f981a54d4e55b278e9f760,4,0.0,0.0,120009.0,0,0.0,0,79.0,Extreme Greed,4.0
2024-03-11,0x3f9a0aadc7f04a7c9d75dc1b5a6ddd6e36486cf6,2,0.0,0.0,19061.32,0,0.0,0,82.0,Extreme Greed,4.0
2024-03-11,0x4f93fead39b70a1824f981a54d4e55b278e9f760,4,0.0,0.0,109994.34,0,0.0,0,82.0,Extreme Greed,4.0
2024-03-12,0x28736f43f1e871e6aa8b1148d38d4994275d72c4,78,1190.3587,15.261,7205.03,37,0.47435897435897434,1,81.0,Extreme Greed,4.0
2024-03-12,0x2c229d22b100a7beb69122eed721cee9b24011dd,59,121.5356,2.0599,99449.62,14,0.23728813559322035,1,81.0,Extreme Greed,4.0
2024-03-12,0x39cef799f8b69da1995852eea189df24eb5cae3c,1,0.0,0.0,209.94,0,0.0,0,81.0,Extreme Greed,4.0
2024-03-12,0x47add9a56df66b524d5e2c1993a43cde53b6ed85,42,30.7272,0.7316,13860.79,1,0.023809523809523808,1,81.0,Extreme Greed,4.0
2024-03-12,0x4f93fead39b70a1824f981a54d4e55b278e9f760,9,1467.1002,163.0111,282371.72,4,0.4444444444444444,1,81.0,Extreme Greed,4.0
2024-03-12,0x8477e447846c758f5a675856001ea72298fd9cb5,6,-158.6957,-26.4493,16252.41,0,0.0,0,81.0,Extreme Greed,4.0
2024-03-12,0xa520ded057a32086c40e7dd6ed4eb8efb82c00e0,34,0.0,0.0,99999.98,0,0.0,0,81.0,Extreme Greed,4.0
2024-03-12,0xae5eacaf9c6b9111fd53034a602c192a04e082ed,144,17917.282,124.4256,543160.09,104,0.7222222222222222,1,81.0,Extreme Greed,4.0
2024-04-01,0xb1231a4a2dd02f2276fa3c5e2a2f3436e6bfed23,5,-67.6036,-13.5207,99792.54,0,0.0,0,79.0,Extreme Greed,4.0
2024-04-02,0xb1231a4a2dd02f2276fa3c5e2a2f3436e6bfed23,35,47.6239,1.3607,203187.53,9,0.2571428571428571,1,79.0,Extreme Greed,4.0
2024-04-03,0x75f7eeb85dc639d5e99c78f95393aa9a5f1170d4,287,26773.7716,93.2884,1574220.16,253,0.8815331010452961,1,71.0,Greed,3.0
2024-04-03,0xb1231a4a2dd02f2276fa3c5e2a2f3436e6bfed23,13,1026.0041,78.9234,3776.71,13,1.0,1,71.0,Greed,3.0
2024-04-04,0x4f93fead39b70a1824f981a54d4e55b278e9f760,32,0.0,0.0,95987.73,0,0.0,0,70.0,Greed,3.0
2024-04-05,0x4f93fead39b70a1824f981a54d4e55b278e9f760,6,0.0,0.0,53999.34,0,0.0,0,79.0,Extreme Greed,4.0
2024-04-05,0xb1231a4a2dd02f2276fa3c5e2a2f3436e6bfed23,3,0.0,0.0,4999.41,0,0.0,0,79.0,Extreme Greed,4.0
2024-04-06,0x8477e447846c758f5a675856001ea72298fd9cb5,53,52.2114,0.9851,24243.41,25,0.4716981132075472,1,75.0,Extreme Greed,4.0
2024-04-07,0x4f93fead39b70a1824f981a54d4e55b278e9f760,14,0.0,0.0,255022.22,0,0.0,0,78.0,Extreme Greed,4.0
2024-04-07,0xb1231a4a2dd02f2276fa3c5e2a2f3436e6bfed23,11,0.0,0.0,175545.79,0,0.0,0,78.0,Extreme Greed,4.0
2024-04-08,0x3998f134d6aaa2b6a5f723806d00fd2bbbbce891,1,0.0,0.0,0.01,0,0.0,0,76.0,Extreme Greed,4.0
2024-04-08,0x4f93fead39b70a1824f981a54d4e55b278e9f760,66,-14117.1728,-213.8966,323776.18,0,0.0,0,76.0,Extreme Greed,4.0
2024-04-08,0x8477e447846c758f5a675856001ea72298fd9cb5,17,109.0058,6.4121,36193.88,3,0.17647058823529413,1,76.0,Extreme Greed,4.0
2024-04-08,0xa520ded057a32086c40e7dd6ed4eb8efb82c00e0,8,0.0,0.0,599.37,0,0.0,0,76.0,Extreme Greed,4.0
2024-04-08,0xb1231a4a2dd02f2276fa3c5e2a2f3436e6bfed23,27,0.0,0.0,135069.22,0,0.0,0,76.0,Extreme Greed,4.0
2024-04-09,0x4f93fead39b70a1824f981a54d4e55b278e9f760,1,0.0,0.0,35004.98,0,0.0,0,80.0,Extreme Greed,4.0
2024-04-09,0xb1231a4a2dd02f2276fa3c5e2a2f3436e6bfed23,33,1065.7851,32.2965,96475.99,5,0.15151515151515152,1,80.0,Extreme Greed,4.0
2024-04-10,0xb1231a4a2dd02f2276fa3c5e2a2f3436e6bfed23,1,0.0,0.0,0.34,0,0.0,0,78.0,Extreme Greed,4.0
2024-04-11,0x3f9a0aadc7f04a7c9d75dc1b5a6ddd6e36486cf6,10,540.0591,54.0059,19601.33,10,1.0,1,76.0,Extreme Greed,4.0
2024-04-11,0x4f93fead39b70a1824f981a54d4e55b278e9f760,26,2259.3514,86.8981,432210.64,13,0.5,1,76.0,Extreme Greed,4.0
2024-04-12,0x28736f43f1e871e6aa8b1148d38d4994275d72c4,112,9066.1696,80.9479,18567.68,60,0.5357142857142857,1,79.0,Extreme Greed,4.0
2024-04-12,0x2c229d22b100a7beb69122eed721cee9b24011dd,36,4232.2067,117.5613,102111.17,24,0.6666666666666666,1,79.0,Extreme Greed,4.0
2024-04-12,0x47add9a56df66b524d5e2c1993a43cde53b6ed85,102,910.5848,8.9273,81173.16,14,0.13725490196078433,1,79.0,Extreme Greed,4.0
2024-04-12,0x4f93fead39b70a1824f981a54d4e55b278e9f760,13,291.3527,22.4117,261052.42,3,0.23076923076923078,1,79.0,Extreme Greed,4.0
2024-04-12,0x8381e6d82f1affd39a336e143e081ef7620a3b7f,10,33.2614,3.3261,6696.09,2,0.2,1,79.0,Extreme Greed,4.0
2024-04-12,0xae5eacaf9c6b9111fd53034a602c192a04e082ed,1,0.0,0.0,0.1,0,0.0,0,79.0,Extreme Greed,4.0
2024-04-12,0xb1231a4a2dd02f2276fa3c5e2a2f3436e6bfed23,28,13238.0882,472.7889,13238.1,28,1.0,1,79.0,Extreme Greed,4.0
2024-05-01,0xb1231a4a2dd02f2276fa3c5e2a2f3436e6bfed23,66,164.1416,2.487,1703942.66,13,0.19696969696969696,1,54.0,Neutral,2.0
2024-05-02,0xb1231a4a2dd02f2276fa3c5e2a2f3436e6bfed23,72,-33.4542,-0.4646,770198.26,14,0.19444444444444445,0,43.0,Fear,1.0
2024-05-03,0x75f7eeb85dc639d5e99c78f95393aa9a5f1170d4,180,19791.026,109.9501,841810.32,163,0.9055555555555556,1,48.0,Neutral,2.0
2024-05-04,0x4f93fead39b70a1824f981a54d4e55b278e9f760,10,4444.4983,444.4498,172531.57,7,0.7,1,67.0,Greed,3.0
2024-05-04,0x75f7eeb85dc639d5e99c78f95393aa9a5f1170d4,82,5296.4338,64.5907,305295.15,75,0.9146341463414634,1,67.0,Greed,3.0
2024-05-04,0xb1231a4a2dd02f2276fa3c5e2a2f3436e6bfed23,8,965.5522,120.694,25965.08,8,1.0,1,67.0,Greed,3.0
2024-05-05,0x4f93fead39b70a1824f981a54d4e55b278e9f760,4,0.0,0.0,23986.05,0,0.0,0,69.0,Greed,3.0
2024-05-05,0x75f7eeb85dc639d5e99c78f95393aa9a5f1170d4,2,0.916,0.458,82.3,1,0.5,1,69.0,Greed,3.0
2024-05-06,0x8477e447846c758f5a675856001ea72298fd9cb5,54,56.0555,1.0381,25350.77,16,0.2962962962962963,1,71.0,Greed,3.0
2024-05-07,0x4f93fead39b70a1824f981a54d4e55b278e9f760,20,0.0,0.0,270298.74,0,0.0,0,68.0,Greed,3.0
2024-05-07,0xb1231a4a2dd02f2276fa3c5e2a2f3436e6bfed23,12,0.0,0.0,1991.15,0,0.0,0,68.0,Greed,3.0
2024-05-08,0x4f93fead39b70a1824f981a54d4e55b278e9f760,16,-470.8181,-29.4261,112014.2,0,0.0,0,64.0,Greed,3.0
2024-05-08,0x8477e447846c758f5a675856001ea72298fd9cb5,17,160.4437,9.4379,40082.51,7,0.4117647058823529,1,64.0,Greed,3.0
2024-05-08,0xa520ded057a32086c40e7dd6ed4eb8efb82c00e0,2,0.0,0.0,20107.61,0,0.0,0,64.0,Greed,3.0
2024-05-08,0xb1231a4a2dd02f2276fa3c5e2a2f3436e6bfed23,43,-3366.8235,-78.2982,127288.08,26,0.6046511627906976,0,64.0,Greed,3.0
2024-05-09,0x3998f134d6aaa2b6a5f723806d00fd2bbbbce891,1,0.0,0.0,0.84,0,0.0,0,55.0,Greed,3.0
2024-05-10,0x430f09841d65beb3f27765503d0f850b8bce7713,1,0.0,0.0,0.61,0,0.0,0,66.0,Greed,3.0
2024-05-10,0x4f93fead39b70a1824f981a54d4e55b278e9f760,36,5767.1619,160.1989,605605.13,24,0.6666666666666666,1,66.0,Greed,3.0
2024-05-11,0x4f93fead39b70a1824f981a54d4e55b278e9f760,10,678.4759,67.8476,200627.23,5,0.5,1,53.0,Neutral,2.0
2024-05-12,0x271b280974205ca63b716753467d5a371de622ab,4,208.8175,52.2044,158123.95,3,0.75,1,56.0,Greed,3.0
2024-05-12,0x28736f43f1e871e6aa8b1148d38d4994275d72c4,97,10288.925,106.0714,20406.19,47,0.4845360824742268,1,56.0,Greed,3.0
2024-05-12,0x2c229d22b100a7beb69122eed721cee9b24011dd,33,2069.9263,62.725,29373.46,30,0.9090909090909091,1,56.0,Greed,3.0
2024-05-12,0x39cef799f8b69da1995852eea189df24eb5cae3c,6,0.0,0.0,61428.49,0,0.0,0,56.0,Greed,3.0
2024-05-12,0x47add9a56df66b524d5e2c1993a43cde53b6ed85,290,3174.0237,10.9449,170421.23,106,0.36551724137931035,1,56.0,Greed,3.0
2024-05-12,0x4f93fead39b70a1824f981a54d4e55b278e9f760,19,1435.6872,75.5625,761409.11,2,0.10526315789473684,1,56.0,Greed,3.0
2024-05-12,0x8381e6d82f1affd39a336e143e081ef7620a3b7f,2,0.0,0.0,588.53,0,0.0,0,56.0,Greed,3.0
2024-06-01,0xb1231a4a2dd02f2276fa3c5e2a2f3436e6bfed23,22,135.5817,6.1628,298521.4,10,0.45454545454545453,1,72.0,Greed,3.0
2024-06-02,0xb1231a4a2dd02f2276fa3c5e2a2f3436e6bfed23,1088,-215.6159,-0.1982,8047153.41,179,0.1645220588235294,0,73.0,Greed,3.0
2024-06-03,0x75f7eeb85dc639d5e99c78f95393aa9a5f1170d4,82,6814.8251,83.1076,327218.02,72,0.8780487804878049,1,73.0,Greed,3.0
2024-06-04,0x4f93fead39b70a1824f981a54d4e55b278e9f760,16,236.3351,14.7709,68223.67,4,0.25,1,73.0,Greed,3.0
2024-06-05,0x4f93fead39b70a1824f981a54d4e55b278e9f760,9,968.5904,107.6212,206016.43,4,0.4444444444444444,1,75.0,Extreme Greed,4.0
2024-06-06,0x8477e447846c758f5a675856001ea72298fd9cb5,234,274.1732,1.1717,137557.76,100,0.42735042735042733,1,78.0,Extreme Greed,4.0
2024-06-07,0xb1231a4a2dd02f2276fa3c5e2a2f3436e6bfed23,24,108.8722,4.5363,2490.17,7,0.2916666666666667,1,77.0,Extreme Greed,4.0
2024-06-08,0x3998f134d6aaa2b6a5f723806d00fd2bbbbce891,27,215.7548,7.9909,771.0,8,0.2962962962962963,1,72.0,Greed,3.0
2024-06-08,0xb1231a4a2dd02f2276fa3c5e2a2f3436e6bfed23,80,51.5632,0.6445,60707.38,5,0.0625,1,72.0,Greed,3.0
2024-06-09,0x4f93fead39b70a1824f981a54d4e55b278e9f760,4,0.0,0.0,34990.67,0,0.0,0,75.0,Extreme Greed,4.0
2024-06-09,0xb1231a4a2dd02f2276fa3c5e2a2f3436e6bfed23,38,-1104.8568,-29.0752,4056.43,0,0.0,0,75.0,Extreme Greed,4.0
2024-06-10,0x4f93fead39b70a1824f981a54d4e55b278e9f760,22,130.4871,5.9312,300130.56,5,0.22727272727272727,1,72.0,Greed,3.0
2024-06-11,0x2c229d22b100a7beb69122eed721cee9b24011dd,3,-3.4112,-1.1371,2000.52,0,0.0,0,74.0,Greed,3.0
2024-06-11,0x4f93fead39b70a1824f981a54d4e55b278e9f760,12,2821.2484,235.104,121906.38,7,0.5833333333333334,1,74.0,Greed,3.0
2024-06-12,0x083384f897ee0f19899168e3b1bec365f52a9012,28,-10274.9996,-366.9643,70931.63,0,0.0,0,72.0,Greed,3.0
2024-06-12,0x23e7a7f8d14b550961925fbfdaa92f5d195ba5bd,34,0.0,0.0,48513.58,0,0.0,0,72.0,Greed,3.0
2024-06-12,0x28736f43f1e871e6aa8b1148d38d4994275d72c4,69,389.1762,5.6402,8956.57,16,0.2318840579710145,1,72.0,Greed,3.0
2024-06-12,0x2c229d22b100a7beb69122eed721cee9b24011dd,9,-123.8701,-13.7633,20916.4,0,0.0,0,72.0,Greed,3.0
2024-06-12,0x39cef799f8b69da1995852eea189df24eb5cae3c,20,0.0,0.0,33151.06,0,0.0,0,72.0,Greed,3.0
2024-06-12,0x420ab45e0bd8863569a5efbb9c05d91f40624641,45,0.0,0.0,480326.66,0,0.0,0,72.0,Greed,3.0
2024-06-12,0x47add9a56df66b524d5e2c1993a43cde53b6ed85,108,514.8865,4.7675,108996.49,32,0.2962962962962963,1,72.0,Greed,3.0
2024-06-12,0x4f93fead39b70a1824f981a54d4e55b278e9f760,58,4051.7409,69.8576,934261.01,20,0.3448275862068966,1,72.0,Greed,3.0
2024-06-12,0x8381e6d82f1affd39a336e143e081ef7620a3b7f,1,0.0,0.0,292.11,0,0.0,0,72.0,Greed,3.0
2024-06-12,0xb1231a4a2dd02f2276fa3c5e2a2f3436e6bfed23,20,2488.7482,124.4374,2488.73,20,1.0,1,72.0,Greed,3.0
2024-07-01,0xb1231a4a2dd02f2276fa3c5e2a2f3436e6bfed23,97,-835.6812,-8.6153,1048850.06,9,0.09278350515463918,0,53.0,Neutral,2.0
2024-07-02,0xb1231a4a2dd02f2276fa3c5e2a2f3436e6bfed23,15,241.2421,16.0828,6758.73,2,0.13333333333333333,1,51.0,Neutral,2.0
2024-07-04,0x4f93fead39b70a1824f981a54d4e55b278e9f760,23,0.0,0.0,49988.14,0,0.0,0,44.0,Fear,1.0
2024-07-05,0x4f93fead39b70a1824f981a54d4e55b278e9f760,10,656.217,65.6217,98901.26,7,0.7,1,29.0,Fear,1.0
2024-07-05,0x75f7eeb85dc639d5e99c78f95393aa9a5f1170d4,1,0.0,0.0,47.59,0,0.0,0,29.0,Fear,1.0
2024-07-05,0xb1231a4a2dd02f2276fa3c5e2a2f3436e6bfed23,7,227.3207,32.4744,9768.73,2,0.2857142857142857,1,29.0,Fear,1.0
2024-07-06,0x4f93fead39b70a1824f981a54d4e55b278e9f760,52,7329.2231,140.9466,785972.7,30,0.5769230769230769,1,26.0,Fear,1.0
2024-07-06,0x8477e447846c758f5a675856001ea72298fd9cb5,374,1573.2443,4.2065,311529.93,146,0.39037433155080214,1,26.0,Fear,1.0
2024-07-06,0xb1231a4a2dd02f2276fa3c5e2a2f3436e6bfed23,14,0.0,0.0,1086.13,0,0.0,0,26.0,Fear,1.0
2024-07-07,0xb1231a4a2dd02f2276fa3c5e2a2f3436e6bfed23,10,61.4289,6.1429,498.75,10,1.0,1,29.0,Fear,1.0
2024-07-08,0x3998f134d6aaa2b6a5f723806d00fd2bbbbce891,11,0.0,0.0,0.04,0,0.0,0,28.0,Fear,1.0
2024-07-08,0xa520ded057a32086c40e7dd6ed4eb8efb82c00e0,1,0.0,0.0,500.0,0,0.0,0,28.0,Fear,1.0
2024-07-08,0xb1231a4a2dd02f2276fa3c5e2a2f3436e6bfed23,21,188.7893,8.99,1992.73,10,0.47619047619047616,1,28.0,Fear,1.0
2024-07-10,0x4f93fead39b70a1824f981a54d4e55b278e9f760,21,0.0,0.0,219984.65,0,0.0,0,28.0,Fear,1.0
2024-07-11,0x3f9a0aadc7f04a7c9d75dc1b5a6ddd6e36486cf6,16,503.4626,31.4664,30868.5,11,0.6875,1,29.0,Fear,1.0
2024-07-11,0x4f93fead39b70a1824f981a54d4e55b278e9f760,2,628.9625,314.4812,60628.85,1,0.5,1,29.0,Fear,1.0
2024-07-11,0xa520ded057a32086c40e7dd6ed4eb8efb82c00e0,95,3360.9281,35.3782,19837.95,48,0.5052631578947369,1,29.0,Fear,1.0
2024-07-12,0x23e7a7f8d14b550961925fbfdaa92f5d195ba5bd,26,3515.0311,135.1935,52028.63,25,0.9615384615384616,1,25.0,Fear,1.0
2024-07-12,0x28736f43f1e871e6aa8b1148d38d4994275d72c4,86,4008.012,46.6048,13732.33,36,0.4186046511627907,1,25.0,Fear,1.0
2024-07-12,0x47add9a56df66b524d5e2c1993a43cde53b6ed85,180,1040.6169,5.7812,104429.77,63,0.35,1,25.0,Fear,1.0
2024-07-12,0x4f93fead39b70a1824f981a54d4e55b278e9f760,4,2342.9964,585.7491,198481.45,4,1.0,1,25.0,Fear,1.0
2024-07-12,0x8381e6d82f1affd39a336e143e081ef7620a3b7f,3,0.0,0.0,3063.89,0,0.0,0,25.0,Fear,1.0
2024-07-12,0xb1231a4a2dd02f2276fa3c5e2a2f3436e6bfed23,2,0.0,0.0,4997.67,0,0.0,0,25.0,Fear,1.0
2024-08-01,0xb1231a4a2dd02f2276fa3c5e2a2f3436e6bfed23,128,-269.8744,-2.1084,1522452.43,32,0.25,0,52.0,Neutral,2.0
2024-08-02,0xb1231a4a2dd02f2276fa3c5e2a2f3436e6bfed23,10,770.756,77.0756,26051.12,4,0.4,1,57.0,Greed,3.0
2024-08-03,0x75f7eeb85dc639d5e99c78f95393aa9a5f1170d4,67,4271.8862,63.7595,183583.18,59,0.8805970149253731,1,37.0,Fear,1.0
2024-08-04,0x4f93fead39b70a1824f981a54d4e55b278e9f760,28,0.0,0.0,163166.37,0,0.0,0,34.0,Fear,1.0
2024-08-04,0x75f7eeb85dc639d5e99c78f95393aa9a5f1170d4,2,1218.4267,609.2134,48774.27,1,0.5,1,34.0,Fear,1.0
2024-08-05,0x4f93fead39b70a1824f981a54d4e55b278e9f760,10,0.0,0.0,65834.19,0,0.0,0,26.0,Fear,1.0
2024-08-05,0x75f7eeb85dc639d5e99c78f95393aa9a5f1170d4,3,1.5658,0.5219,139.38,1,0.3333333333333333,1,26.0,Fear,1.0
2024-08-06,0x4f93fead39b70a1824f981a54d4e55b278e9f760,7,0.0,0.0,45002.65,0,0.0,0,17.0,Extreme Fear,0.0
2024-08-06,0x8477e447846c758f5a675856001ea72298fd9cb5,22,129.1388,5.8699,52349.23,8,0.36363636363636365,1,17.0,Extreme Fear,0.0
2024-08-07,0xb1231a4a2dd02f2276fa3c5e2a2f3436e6bfed23,1,0.0,0.0,497.64,0,0.0,0,29.0,Fear,1.0
2024-08-08,0xa520ded057a32086c40e7dd6ed4eb8efb82c00e0,4,-40.7122,-10.1781,459.28,0,0.0,0,20.0,Extreme Fear,0.0
2024-08-08,0xb1231a4a2dd02f2276fa3c5e2a2f3436e6bfed23,5,0.0,0.0,15840.07,0,0.0,0,20.0,Extreme Fear,0.0
2024-08-09,0xa520ded057a32086c40e7dd6ed4eb8efb82c00e0,1,0.0,0.0,0.11,0,0.0,0,48.0,Neutral,2.0
2024-08-10,0x4f93fead39b70a1824f981a54d4e55b278e9f760,35,5396.5466,154.187,434583.55,33,0.9428571428571428,1,40.0,Fear,1.0
2024-08-10,0xb1231a4a2dd02f2276fa3c5e2a2f3436e6bfed23,1,0.0,0.0,0.58,0,0.0,0,40.0,Fear,1.0
2024-08-11,0x2c229d22b100a7beb69122eed721cee9b24011dd,15,-710.7869,-47.3858,30058.81,0,0.0,0,39.0,Fear,1.0
2024-08-11,0x4f93fead39b70a1824f981a54d4e55b278e9f760,24,646.3734,26.9322,240641.63,6,0.25,1,39.0,Fear,1.0
2024-08-12,0x28736f43f1e871e6aa8b1148d38d4994275d72c4,102,554.0099,5.4315,7922.52,43,0.4215686274509804,1,25.0,Fear,1.0
2024-08-12,0x47add9a56df66b524d5e2c1993a43cde53b6ed85,69,227.0722,3.2909,29213.01,25,0.36231884057971014,1,25.0,Fear,1.0
2024-08-12,0x4f93fead39b70a1824f981a54d4e55b278e9f760,7,0.0,0.0,59993.63,0,0.0,0,25.0,Fear,1.0
2024-08-12,0x8381e6d82f1affd39a336e143e081ef7620a3b7f,5,-21.5437,-4.3087,4923.79,0,0.0,0,25.0,Fear,1.0
2024-08-12,0xb1231a4a2dd02f2276fa3c5e2a2f3436e6bfed23,145,0.0,0.0,517950.24,0,0.0,0,25.0,Fear,1.0
2024-08-12,0xbee1707d6b44d4d52bfe19e41f8a828645437aab,91,12333.5959,135.534,283571.37,83,0.9120879120879121,1,25.0,Fear,1.0
2024-09-01,0xb1231a4a2dd02f2276fa3c5e2a2f3436e6bfed23,70,-826.3499,-11.805,870051.97,18,0.2571428571428571,0,26.0,Fear,1.0
2024-09-03,0x75f7eeb85dc639d5e99c78f95393aa9a5f1170d4,117,9949.5016,85.0385,658178.75,97,0.8290598290598291,1,26.0,Fear,1.0
2024-09-04,0x4f93fead39b70a1824f981a54d4e55b278e9f760,3,0.0,0.0,57063.84,0,0.0,0,27.0,Fear,1.0
2024-09-05,0x4f93fead39b70a1824f981a54d4e55b278e9f760,25,1147.5959,45.9038,216990.58,11,0.44,1,29.0,Fear,1.0
2024-09-05,0xb1231a4a2dd02f2276fa3c5e2a2f3436e6bfed23,3,0.0,0.0,4975.54,0,0.0,0,29.0,Fear,1.0
2024-09-06,0x4f93fead39b70a1824f981a54d4e55b278e9f760,5,0.0,0.0,20999.96,0,0.0,0,22.0,Extreme Fear,0.0
2024-09-06,0xb1231a4a2dd02f2276fa3c5e2a2f3436e6bfed23,12,0.0,0.0,1410.26,0,0.0,0,22.0,Extreme Fear,0.0
2024-09-07,0xb1231a4a2dd02f2276fa3c5e2a2f3436e6bfed23,15,648.9844,43.2656,2736.45,15,1.0,1,23.0,Extreme Fear,0.0
2024-09-08,0x430f09841d65beb3f27765503d0f850b8bce7713,1,0.0,0.0,0.12,0,0.0,0,29.0,Fear,1.0
2024-09-08,0x4f93fead39b70a1824f981a54d4e55b278e9f760,12,11147.9006,928.9917,132038.0,9,0.75,1,29.0,Fear,1.0
2024-09-08,0x8477e447846c758f5a675856001ea72298fd9cb5,69,151.0924,2.1897,43836.44,17,0.2463768115942029,1,29.0,Fear,1.0
2024-09-08,0xa520ded057a32086c40e7dd6ed4eb8efb82c00e0,2,0.0,0.0,500.0,0,0.0,0,29.0,Fear,1.0
2024-09-08,0xb1231a4a2dd02f2276fa3c5e2a2f3436e6bfed23,60,6783.0783,113.0513,326830.3,17,0.2833333333333333,1,29.0,Fear,1.0
2024-09-09,0xb1231a4a2dd02f2276fa3c5e2a2f3436e6bfed23,2,0.0,0.0,4014.43,0,0.0,0,26.0,Fear,1.0
2024-09-10,0x4f93fead39b70a1824f981a54d4e55b278e9f760,14,396.0627,28.2902,220399.93,3,0.21428571428571427,1,33.0,Fear,1.0
2024-09-11,0x4f93fead39b70a1824f981a54d4e55b278e9f760,9,0.0,0.0,150000.41,0,0.0,0,37.0,Fear,1.0
2024-09-11,0x8477e447846c758f5a675856001ea72298fd9cb5,77,102.9089,1.3365,43384.0,19,0.24675324675324675,1,37.0,Fear,1.0
2024-09-12,0x23e7a7f8d14b550961925fbfdaa92f5d195ba5bd,46,0.0,0.0,52066.88,0,0.0,0,31.0,Fear,1.0
2024-09-12,0x28736f43f1e871e6aa8b1148d38d4994275d72c4,213,768.4308,3.6077,18772.08,126,0.5915492957746479,1,31.0,Fear,1.0
2024-09-12,0x39cef799f8b69da1995852eea189df24eb5cae3c,8,483.6621,60.4578,4824.8,8,1.0,1,31.0,Fear,1.0
2024-09-12,0x47add9a56df66b524d5e2c1993a43cde53b6ed85,55,311.2906,5.6598,21974.62,19,0.34545454545454546,1,31.0,Fear,1.0
2024-09-12,0x4f93fead39b70a1824f981a54d4e55b278e9f760,17,2350.4997,138.2647,359668.86,7,0.4117647058823529,1,31.0,Fear,1.0
2024-09-12,0x513b8629fe877bb581bf244e326a047b249c4ff1,42,0.0,0.0,70653.29,0,0.0,0,31.0,Fear,1.0
2024-09-12,0x75f7eeb85dc639d5e99c78f95393aa9a5f1170d4,7,0.0157,0.0022,117.12,3,0.42857142857142855,1,31.0,Fear,1.0
2024-09-12,0x8381e6d82f1affd39a336e143e081ef7620a3b7f,4,0.0,0.0,1763.8,0,0.0,0,31.0,Fear,1.0
2024-09-12,0xaf40fdc468c30116bd3307bcbf4a451a7ebf1deb,4,0.0,0.0,7875.48,0,0.0,0,31.0,Fear,1.0
2024-09-12,0xbee1707d6b44d4d52bfe19e41f8a828645437aab,143,2397.0687,16.7627,446232.75,9,0.06293706293706294,1,31.0,Fear,1.0
2024-10-01,0xb1231a4a2dd02f2276fa3c5e2a2f3436e6bfed23,193,-1517.0913,-7.8606,2057479.48,41,0.21243523316062177,0,50.0,Neutral,2.0
2024-10-03,0x75f7eeb85dc639d5e99c78f95393aa9a5f1170d4,42,2482.9272,59.1173,219973.85,29,0.6904761904761905,1,37.0,Fear,1.0
2024-10-04,0x4f93fead39b70a1824f981a54d4e55b278e9f760,41,5207.4434,127.0108,351735.97,36,0.8780487804878049,1,41.0,Fear,1.0
2024-10-05,0x4f93fead39b70a1824f981a54d4e55b278e9f760,22,2101.7417,95.5337,156882.0,6,0.2727272727272727,1,49.0,Neutral,2.0
2024-10-06,0x4f93fead39b70a1824f981a54d4e55b278e9f760,4,0.0,0.0,24000.3,0,0.0,0,50.0,Neutral,2.0
2024-10-06,0x8477e447846c758f5a675856001ea72298fd9cb5,49,31.2668,0.6381,22587.63,18,0.3673469387755102,1,50.0,Neutral,2.0
2024-10-07,0x4f93fead39b70a1824f981a54d4e55b278e9f760,43,11595.627,269.6657,671917.11,33,0.7674418604651163,1,50.0,Neutral,2.0
2024-10-07,0xb1231a4a2dd02f2276fa3c5e2a2f3436e6bfed23,13,382.1079,29.3929,15983.1,5,0.38461538461538464,1,50.0,Neutral,2.0
2024-10-08,0x430f09841d65beb3f27765503d0f850b8bce7713,1,0.0,0.0,0.68,0,0.0,0,49.0,Neutral,2.0
2024-10-08,0xb1231a4a2dd02f2276fa3c5e2a2f3436e6bfed23,87,0.0,0.0,11338.61,0,0.0,0,49.0,Neutral,2.0
2024-10-09,0xa520ded057a32086c40e7dd6ed4eb8efb82c00e0,2,-219.7297,-109.8648,1780.54,0,0.0,0,49.0,Neutral,2.0
2024-10-09,0xb1231a4a2dd02f2276fa3c5e2a2f3436e6bfed23,1,0.0,0.0,766.74,0,0.0,0,49.0,Neutral,2.0
2024-10-10,0x4f93fead39b70a1824f981a54d4e55b278e9f760,16,0.0,0.0,300024.34,0,0.0,0,39.0,Fear,1.0
2024-10-11,0x3f9a0aadc7f04a7c9d75dc1b5a6ddd6e36486cf6,1,0.0,0.0,9836.88,0,0.0,0,32.0,Fear,1.0
2024-10-11,0x4f93fead39b70a1824f981a54d4e55b278e9f760,8,548.366,68.5457,180546.95,6,0.75,1,32.0,Fear,1.0
2024-10-11,0x8477e447846c758f5a675856001ea72298fd9cb5,164,442.7484,2.6997,223252.87,45,0.27439024390243905,1,32.0,Fear,1.0
2024-10-12,0x23e7a7f8d14b550961925fbfdaa92f5d195ba5bd,64,2517.7874,39.3404,54584.72,63,0.984375,1,49.0,Neutral,2.0
2024-10-12,0x28736f43f1e871e6aa8b1148d38d4994275d72c4,157,980.5575,6.2456,18780.69,106,0.6751592356687898,1,49.0,Neutral,2.0
2024-10-12,0x2c229d22b100a7beb69122eed721cee9b24011dd,12,130.8837,10.907,19024.84,7,0.5833333333333334,1,49.0,Neutral,2.0
2024-10-12,0x39cef799f8b69da1995852eea189df24eb5cae3c,3,0.0,0.0,67566.11,0,0.0,0,49.0,Neutral,2.0
2024-10-12,0x47add9a56df66b524d5e2c1993a43cde53b6ed85,182,1474.6706,8.1026,93195.85,67,0.36813186813186816,1,49.0,Neutral,2.0
2024-10-12,0x4f93fead39b70a1824f981a54d4e55b278e9f760,36,3986.3125,110.7309,700941.13,12,0.3333333333333333,1,49.0,Neutral,2.0
2024-10-12,0x75f7eeb85dc639d5e99c78f95393aa9a5f1170d4,153,3634.5681,23.7553,214389.55,147,0.9607843137254902,1,49.0,Neutral,2.0
2024-10-12,0x8381e6d82f1affd39a336e143e081ef7620a3b7f,1,0.0,0.0,587.97,0,0.0,0,49.0,Neutral,2.0
2024-10-12,0xa520ded057a32086c40e7dd6ed4eb8efb82c00e0,8,0.0,0.0,109744.79,0,0.0,0,49.0,Neutral,2.0
2024-10-12,0xbd5fead7180a9c139fa51a103cb6a2ce86ddb5c3,52,0.0,0.0,145530.36,0,0.0,0,49.0,Neutral,2.0
2024-10-12,0xbee1707d6b44d4d52bfe19e41f8a828645437aab,926,20816.0368,22.4795,1549372.78,533,0.5755939524838013,1,49.0,Neutral,2.0
2024-11-01,0x3998f134d6aaa2b6a5f723806d00fd2bbbbce891,2,0.0,0.0,46133.87,0,0.0,0,75.0,Extreme Greed,4.0
2024-11-01,0xb1231a4a2dd02f2276fa3c5e2a2f3436e6bfed23,19,-164.0895,-8.6363,259180.23,5,0.2631578947368421,0,75.0,Extreme Greed,4.0
2024-11-02,0xb1231a4a2dd02f2276fa3c5e2a2f3436e6bfed23,34,983.4432,28.9248,212311.82,7,0.20588235294117646,1,72.0,Greed,3.0
2024-11-03,0x75f7eeb85dc639d5e99c78f95393aa9a5f1170d4,42,3588.1795,85.4328,176519.45,39,0.9285714285714286,1,74.0,Greed,3.0
2024-11-04,0x4f93fead39b70a1824f981a54d4e55b278e9f760,16,389.7432,24.3589,76400.96,2,0.125,1,70.0,Greed,3.0
2024-11-05,0x4f93fead39b70a1824f981a54d4e55b278e9f760,9,251.6047,27.9561,63248.95,9,1.0,1,70.0,Greed,3.0
2024-11-06,0x4f93fead39b70a1824f981a54d4e55b278e9f760,21,0.0,0.0,276003.46,0,0.0,0,70.0,Greed,3.0
2024-11-06,0x8477e447846c758f5a675856001ea72298fd9cb5,27,51.0811,1.8919,18808.46,9,0.3333333333333333,1,70.0,Greed,3.0
2024-11-06,0xb1231a4a2dd02f2276fa3c5e2a2f3436e6bfed23,75,4269.5507,56.9273,78468.0,8,0.10666666666666667,1,70.0,Greed,3.0
2024-11-07,0x4f93fead39b70a1824f981a54d4e55b278e9f760,19,1876.8121,98.7796,169887.02,9,0.47368421052631576,1,77.0,Extreme Greed,4.0
2024-11-08,0x4f93fead39b70a1824f981a54d4e55b278e9f760,8,847.7766,105.9721,40839.85,4,0.5,1,75.0,Extreme Greed,4.0
2024-11-08,0xb1231a4a2dd02f2276fa3c5e2a2f3436e6bfed23,16,0.0,0.0,3390.36,0,0.0,0,75.0,Extreme Greed,4.0
2024-11-09,0x430f09841d65beb3f27765503d0f850b8bce7713,1,0.0,0.0,0.54,0,0.0,0,75.0,Extreme Greed,4.0
2024-11-10,0x430f09841d65beb3f27765503d0f850b8bce7713,1,0.0,0.0,0.73,0,0.0,0,78.0,Extreme Greed,4.0
2024-11-10,0x4f93fead39b70a1824f981a54d4e55b278e9f760,25,8885.3275,355.4131,488903.46,18,0.72,1,78.0,Extreme Greed,4.0
2024-11-11,0x083384f897ee0f19899168e3b1bec365f52a9012,177,0.0,0.0,900880.13,0,0.0,0,76.0,Extreme Greed,4.0
2024-11-11,0x3f9a0aadc7f04a7c9d75dc1b5a6ddd6e36486cf6,4,393.0795,98.2699,10229.96,4,1.0,1,76.0,Extreme Greed,4.0
2024-11-11,0x4f93fead39b70a1824f981a54d4e55b278e9f760,20,1479.6772,73.9839,331422.14,9,0.45,1,76.0,Extreme Greed,4.0
2024-11-11,0x8477e447846c758f5a675856001ea72298fd9cb5,172,4876.8743,28.3539,328040.19,79,0.45930232558139533,1,76.0,Extreme Greed,4.0
2024-11-12,0x28736f43f1e871e6aa8b1148d38d4994275d72c4,93,1582.0011,17.0108,11570.32,32,0.34408602150537637,1,80.0,Extreme Greed,4.0
2024-11-12,0x2c229d22b100a7beb69122eed721cee9b24011dd,18,1935.7426,107.5413,73207.93,9,0.5,1,80.0,Extreme Greed,4.0
2024-11-12,0x39cef799f8b69da1995852eea189df24eb5cae3c,4,3721.3456,930.3364,160050.2,4,1.0,1,80.0,Extreme Greed,4.0
2024-11-12,0x47add9a56df66b524d5e2c1993a43cde53b6ed85,325,1157.6895,3.5621,99971.13,109,0.3353846153846154,1,80.0,Extreme Greed,4.0
2024-11-12,0x4f93fead39b70a1824f981a54d4e55b278e9f760,30,1083.7771,36.1259,699939.43,8,0.26666666666666666,1,80.0,Extreme Greed,4.0
2024-11-12,0x6d6a4b953f202f8df5bed40692e7fd865318264a,8,698.0097,87.2512,1093.39,8,1.0,1,80.0,Extreme Greed,4.0
2024-11-12,0x75f7eeb85dc639d5e99c78f95393aa9a5f1170d4,23,1567.4027,68.1479,161572.27,8,0.34782608695652173,1,80.0,Extreme Greed,4.0
2024-11-12,0xa520ded057a32086c40e7dd6ed4eb8efb82c00e0,15,994.239,66.2826,2475.02,15,1.0,1,80.0,Extreme Greed,4.0
2024-11-12,0xaf40fdc468c30116bd3307bcbf4a451a7ebf1deb,1,39.7705,39.7705,7158.62,1,1.0,1,80.0,Extreme Greed,4.0
2024-11-12,0xb1231a4a2dd02f2276fa3c5e2a2f3436e6bfed23,141,40192.9958,285.0567,40193.02,141,1.0,1,80.0,Extreme Greed,4.0
2024-11-12,0xbd5fead7180a9c139fa51a103cb6a2ce86ddb5c3,17,0.0,0.0,10836.08,0,0.0,0,80.0,Extreme Greed,4.0
2024-11-12,0xbee1707d6b44d4d52bfe19e41f8a828645437aab,530,24663.6909,46.5353,639969.74,519,0.9792452830188679,1,80.0,Extreme Greed,4.0
2024-12-01,0xb1231a4a2dd02f2276fa3c5e2a2f3436e6bfed23,7,-1925.519,-275.0741,200082.27,0,0.0,0,81.0,Extreme Greed,4.0
2024-12-02,0xb1231a4a2dd02f2276fa3c5e2a2f3436e6bfed23,16,913.8818,57.1176,227247.7,6,0.375,1,80.0,Extreme Greed,4.0
2024-12-03,0x75f7eeb85dc639d5e99c78f95393aa9a5f1170d4,8,3039.166,379.8958,103040.85,7,0.875,1,76.0,Extreme Greed,4.0
2024-12-04,0x4f93fead39b70a1824f981a54d4e55b278e9f760,21,0.0,0.0,149909.08,0,0.0,0,78.0,Extreme Greed,4.0
2024-12-04,0x75f7eeb85dc639d5e99c78f95393aa9a5f1170d4,93,2237.7987,24.0624,261851.91,71,0.7634408602150538,1,78.0,Extreme Greed,4.0
2024-12-04,0xb1231a4a2dd02f2276fa3c5e2a2f3436e6bfed23,15,-2830.4445,-188.6963,30327.6,0,0.0,0,78.0,Extreme Greed,4.0
2024-12-05,0x4f93fead39b70a1824f981a54d4e55b278e9f760,10,0.0,0.0,45004.64,0,0.0,0,84.0,Extreme Greed,4.0
2024-12-05,0xb1231a4a2dd02f2276fa3c5e2a2f3436e6bfed23,13,0.0,0.0,10174.92,0,0.0,0,84.0,Extreme Greed,4.0
2024-12-06,0x8477e447846c758f5a675856001ea72298fd9cb5,216,-19080.0315,-88.3335,180093.39,21,0.09722222222222222,0,72.0,Greed,3.0
2024-12-06,0xb1231a4a2dd02f2276fa3c5e2a2f3436e6bfed23,37,0.0,0.0,1520.97,0,0.0,0,72.0,Greed,3.0
2024-12-07,0x4f93fead39b70a1824f981a54d4e55b278e9f760,10,0.0,0.0,76006.65,0,0.0,0,75.0,Extreme Greed,4.0
2024-12-07,0xb1231a4a2dd02f2276fa3c5e2a2f3436e6bfed23,9,1412.3147,156.9239,13576.32,9,1.0,1,75.0,Extreme Greed,4.0
2024-12-08,0x430f09841d65beb3f27765503d0f850b8bce7713,1,0.0,0.0,0.61,0,0.0,0,79.0,Extreme Greed,4.0
2024-12-08,0x4f93fead39b70a1824f981a54d4e55b278e9f760,16,858.6705,53.6669,44140.4,6,0.375,1,79.0,Extreme Greed,4.0
2024-12-08,0xb1231a4a2dd02f2276fa3c5e2a2f3436e6bfed23,31,0.0,0.0,10026.31,0,0.0,0,79.0,Extreme Greed,4.0
2024-12-10,0x4f93fead39b70a1824f981a54d4e55b278e9f760,10,541.5547,54.1555,159713.4,7,0.7,1,78.0,Extreme Greed,4.0
2024-12-11,0x39cef799f8b69da1995852eea189df24eb5cae3c,2,0.0,0.0,10390.6,0,0.0,0,74.0,Greed,3.0
2024-12-11,0x3f9a0aadc7f04a7c9d75dc1b5a6ddd6e36486cf6,4,0.0,0.0,5276.56,0,0.0,0,74.0,Greed,3.0
2024-12-11,0x4f93fead39b70a1824f981a54d4e55b278e9f760,74,2053.1197,27.7449,1062217.74,12,0.16216216216216217,1,74.0,Greed,3.0
2024-12-11,0x8477e447846c758f5a675856001ea72298fd9cb5,91,1441.2796,15.8382,148469.62,22,0.24175824175824176,1,74.0,Greed,3.0
2024-12-12,0x28736f43f1e871e6aa8b1148d38d4994275d72c4,147,5806.8693,39.5025,22071.36,82,0.5578231292517006,1,83.0,Extreme Greed,4.0
2024-12-12,0x2c229d22b100a7beb69122eed721cee9b24011dd,62,7639.5958,123.2193,345079.69,39,0.6290322580645161,1,83.0,Extreme Greed,4.0
2024-12-12,0x420ab45e0bd8863569a5efbb9c05d91f40624641,10,1762.46,176.246,67508.1,10,1.0,1,83.0,Extreme Greed,4.0
2024-12-12,0x47add9a56df66b524d5e2c1993a43cde53b6ed85,159,574.3981,3.6126,72883.76,46,0.2893081761006289,1,83.0,Extreme Greed,4.0
2024-12-12,0x4f93fead39b70a1824f981a54d4e55b278e9f760,31,0.0,0.0,379879.42,0,0.0,0,83.0,Extreme Greed,4.0
2024-12-12,0x513b8629fe877bb581bf244e326a047b249c4ff1,89,0.0,0.0,296563.81,0,0.0,0,83.0,Extreme Greed,4.0
2024-12-12,0x6d6a4b953f202f8df5bed40692e7fd865318264a,4,362.8413,90.7103,532.29,4,1.0,1,83.0,Extreme Greed,4.0
2024-12-12,0x72c6a4624e1dffa724e6d00d64ceae698af892a0,17,0.0,0.0,23755.55,0,0.0,0,83.0,Extreme Greed,4.0
2024-12-12,0x75f7eeb85dc639d5e99c78f95393aa9a5f1170d4,52,323.349,6.2182,185290.04,4,0.07692307692307693,1,83.0,Extreme Greed,4.0
2024-12-12,0xa520ded057a32086c40e7dd6ed4eb8efb82c00e0,4,2512.4376,628.1094,5497.65,4,1.0,1,83.0,Extreme Greed,4.0
2024-12-12,0xaf40fdc468c30116bd3307bcbf4a451a7ebf1deb,1,15.2447,15.2447,771.87,1,1.0,1,83.0,Extreme Greed,4.0
2024-12-12,0xb1231a4a2dd02f2276fa3c5e2a2f3436e6bfed23,279,88659.7521,317.7769,88659.89,279,1.0,1,83.0,Extreme Greed,4.0
2024-12-12,0xbd5fead7180a9c139fa51a103cb6a2ce86ddb5c3,1,0.0,0.0,5158.5,0,0.0,0,83.0,Extreme Greed,4.0
2024-12-12,0xbee1707d6b44d4d52bfe19e41f8a828645437aab,1038,115377.3393,111.1535,2622502.9,845,0.8140655105973025,1,83.0,Extreme Greed,4.0
2025-01-01,0x28736f43f1e871e6aa8b1148d38d4994275d72c4,59,109.8269,1.8615,15537.51,21,0.3559322033898305,1,66.0,Greed,3.0
2025-01-01,0x39cef799f8b69da1995852eea189df24eb5cae3c,11,35.8483,3.2589,135873.97,5,0.45454545454545453,1,66.0,Greed,3.0
2025-01-01,0x47add9a56df66b524d5e2c1993a43cde53b6ed85,16,17.7847,1.1115,10126.42,3,0.1875,1,66.0,Greed,3.0
2025-01-01,0x4f93fead39b70a1824f981a54d4e55b278e9f760,1,0.0,0.0,49999.51,0,0.0,0,66.0,Greed,3.0
2025-01-01,0x7f4f299f74eec87806a830e3caa9afa5f2b9db8f,3,0.0,0.0,22667.48,0,0.0,0,66.0,Greed,3.0
2025-01-01,0x8381e6d82f1affd39a336e143e081ef7620a3b7f,5,0.0,0.0,1004.01,0,0.0,0,66.0,Greed,3.0
2025-01-02,0x23e7a7f8d14b550961925fbfdaa92f5d195ba5bd,78,1162.0025,14.8975,163388.11,25,0.32051282051282054,1,70.0,Greed,3.0
2025-01-02,0x28736f43f1e871e6aa8b1148d38d4994275d72c4,51,3.5367,0.0693,53933.29,21,0.4117647058823529,1,70.0,Greed,3.0
2025-01-02,0x2c229d22b100a7beb69122eed721cee9b24011dd,21,88.507,4.2146,117810.02,12,0.5714285714285714,1,70.0,Greed,3.0
2025-01-02,0x47add9a56df66b524d5e2c1993a43cde53b6ed85,33,526.4482,15.953,16189.18,23,0.696969696969697,1,70.0,Greed,3.0
2025-01-02,0x4f93fead39b70a1824f981a54d4e55b278e9f760,4,0.0,0.0,90002.76,0,0.0,0,70.0,Greed,3.0
2025-01-02,0x6d6a4b953f202f8df5bed40692e7fd865318264a,5,0.0,0.0,9938.12,0,0.0,0,70.0,Greed,3.0
2025-01-02,0x75f7eeb85dc639d5e99c78f95393aa9a5f1170d4,148,9609.4474,64.9287,595897.22,114,0.7702702702702703,1,70.0,Greed,3.0
2025-01-02,0x8170715b3b381dffb7062c0298972d4727a0a63b,18,0.0,0.0,13921.36,0,0.0,0,70.0,Greed,3.0
2025-01-02,0x8477e447846c758f5a675856001ea72298fd9cb5,60,1579.9098,26.3318,36909.24,29,0.48333333333333334,1,70.0,Greed,3.0
2025-01-02,0xa0feb3725a9335f49874d7cd8eaad6be45b27416,18,923.4874,51.3049,25021.87,18,1.0,1,70.0,Greed,3.0
2025-01-02,0xb1231a4a2dd02f2276fa3c5e2a2f3436e6bfed23,9,1075.7291,119.5255,5741.9,1,0.1111111111111111,1,70.0,Greed,3.0
2025-01-02,0xbee1707d6b44d4d52bfe19e41f8a828645437aab,187,2954.5217,15.7996,225330.98,133,0.7112299465240641,1,70.0,Greed,3.0
2025-01-03,0x083384f897ee0f19899168e3b1bec365f52a9012,45,9482.2214,210.716,134360.89,36,0.8,1,74.0,Greed,3.0
2025-01-03,0x28736f43f1e871e6aa8b1148d38d4994275d72c4,37,557.9358,15.0793,31087.87,14,0.3783783783783784,1,74.0,Greed,3.0
2025-01-03,0x47add9a56df66b524d5e2c1993a43cde53b6ed85,27,109.5931,4.059,16664.18,12,0.4444444444444444,1,74.0,Greed,3.0
2025-01-03,0x72c6a4624e1dffa724e6d00d64ceae698af892a0,14,0.0,0.0,11079.01,0,0.0,0,74.0,Greed,3.0
2025-01-03,0xbee1707d6b44d4d52bfe19e41f8a828645437aab,51,446.3586,8.7521,70632.18,16,0.3137254901960784,1,74.0,Greed,3.0
2025-01-04,0x28736f43f1e871e6aa8b1148d38d4994275d72c4,41,768.3519,18.7403,17318.84,27,0.6585365853658537,1,73.0,Greed,3.0
2025-01-04,0x2c229d22b100a7beb69122eed721cee9b24011dd,9,1334.4148,148.2683,10737.4,4,0.4444444444444444,1,73.0,Greed,3.0
2025-01-04,0x47add9a56df66b524d5e2c1993a43cde53b6ed85,19,-680.2875,-35.8046,4701.35,6,0.3157894736842105,0,73.0,Greed,3.0
2025-01-04,0x4f93fead39b70a1824f981a54d4e55b278e9f760,20,1402.0825,70.1041,141406.34,8,0.4,1,73.0,Greed,3.0
2025-01-04,0x513b8629fe877bb581bf244e326a047b249c4ff1,13,0.0,0.0,179501.53,0,0.0,0,73.0,Greed,3.0
2025-01-04,0x6d6a4b953f202f8df5bed40692e7fd865318264a,14,132.7195,9.48,27360.35,4,0.2857142857142857,1,73.0,Greed,3.0
2025-01-04,0x8170715b3b381dffb7062c0298972d4727a0a63b,13,4004.5029,308.0387,123441.06,12,0.9230769230769231,1,73.0,Greed,3.0
2025-01-04,0xbd5fead7180a9c139fa51a103cb6a2ce86ddb5c3,28,-9311.8922,-332.5676,157040.91,0,0.0,0,73.0,Greed,3.0
2025-01-04,0xbee1707d6b44d4d52bfe19e41f8a828645437aab,35,147.4458,4.2127,42937.41,27,0.7714285714285715,1,73.0,Greed,3.0
2025-01-05,0x23e7a7f8d14b550961925fbfdaa92f5d195ba5bd,250,1243.8536,4.9754,203876.44,81,0.324,1,72.0,Greed,3.0
2025-01-05,0x28736f43f1e871e6aa8b1148d38d4994275d72c4,2,16.9236,8.4618,270.64,2,1.0,1,72.0,Greed,3.0
2025-01-05,0x47add9a56df66b524d5e2c1993a43cde53b6ed85,7,37.3853,5.3408,2093.09,1,0.14285714285714285,1,72.0,Greed,3.0
2025-01-05,0x4f93fead39b70a1824f981a54d4e55b278e9f760,14,1220.7466,87.1962,201224.78,7,0.5,1,72.0,Greed,3.0
2025-01-05,0x513b8629fe877bb581bf244e326a047b249c4ff1,326,41615.1887,127.654,5529594.42,233,0.7147239263803681,1,72.0,Greed,3.0
2025-01-05,0x8477e447846c758f5a675856001ea72298fd9cb5,19,-200.9485,-10.5762,5883.48,0,0.0,0,72.0,Greed,3.0
2025-01-05,0xa0feb3725a9335f49874d7cd8eaad6be45b27416,288,1449.5294,5.0331,325695.48,101,0.3506944444444444,1,72.0,Greed,3.0
2025-01-05,0xb1231a4a2dd02f2276fa3c5e2a2f3436e6bfed23,61,32644.9414,535.163,143017.78,45,0.7377049180327869,1,72.0,Greed,3.0
2025-01-05,0xbaaaf6571ab7d571043ff1e313a9609a10637864,1,1.8603,1.8603,3.9,1,1.0,1,72.0,Greed,3.0
2025-01-05,0xbd5fead7180a9c139fa51a103cb6a2ce86ddb5c3,99,-33811.046,-341.5257,1222904.45,1,0.010101010101010102,0,72.0,Greed,3.0
2025-01-05,0xbee1707d6b44d4d52bfe19e41f8a828645437aab,131,1364.0225,10.4124,320749.11,43,0.3282442748091603,1,72.0,Greed,3.0
2025-02-01,0x28736f43f1e871e6aa8b1148d38d4994275d72c4,101,416.5467,4.1242,21987.03,46,0.45544554455445546,1,68.0,Greed,3.0
2025-02-01,0x47add9a56df66b524d5e2c1993a43cde53b6ed85,90,677.2768,7.5253,49367.17,43,0.4777777777777778,1,68.0,Greed,3.0
2025-02-01,0x4f93fead39b70a1824f981a54d4e55b278e9f760,19,2399.9471,126.313,372066.43,8,0.42105263157894735,1,68.0,Greed,3.0
2025-02-01,0x72c6a4624e1dffa724e6d00d64ceae698af892a0,3,0.0,0.0,26682.58,0,0.0,0,68.0,Greed,3.0
2025-02-01,0x75f7eeb85dc639d5e99c78f95393aa9a5f1170d4,53,3429.9583,64.7162,205117.68,50,0.9433962264150944,1,68.0,Greed,3.0
2025-02-01,0x7f4f299f74eec87806a830e3caa9afa5f2b9db8f,9,1008.519,112.0577,60827.07,5,0.5555555555555556,1,68.0,Greed,3.0
2025-02-01,0x8170715b3b381dffb7062c0298972d4727a0a63b,3,739.1842,246.3947,3012.49,3,1.0,1,68.0,Greed,3.0
2025-02-01,0x8477e447846c758f5a675856001ea72298fd9cb5,77,45.087,0.5855,25614.71,10,0.12987012987012986,1,68.0,Greed,3.0
2025-02-01,0xb1231a4a2dd02f2276fa3c5e2a2f3436e6bfed23,6,0.0,0.0,9999.68,0,0.0,0,68.0,Greed,3.0
2025-02-02,0x083384f897ee0f19899168e3b1bec365f52a9012,6,899.7316,149.9553,942164.9,5,0.8333333333333334,1,60.0,Greed,3.0
2025-02-02,0x23e7a7f8d14b550961925fbfdaa92f5d195ba5bd,517,6352.4526,12.2871,1443682.0,233,0.4506769825918762,1,60.0,Greed,3.0
2025-02-02,0x28736f43f1e871e6aa8b1148d38d4994275d72c4,91,-1416.9065,-15.5704,120908.25,5,0.054945054945054944,0,60.0,Greed,3.0
2025-02-02,0x47add9a56df66b524d5e2c1993a43cde53b6ed85,108,-782.6517,-7.2468,51360.13,27,0.25,0,60.0,Greed,3.0
2025-02-02,0x4f93fead39b70a1824f981a54d4e55b278e9f760,30,0.0,0.0,762553.84,0,0.0,0,60.0,Greed,3.0
2025-02-02,0x72c6a4624e1dffa724e6d00d64ceae698af892a0,37,0.0,0.0,30974.56,0,0.0,0,60.0,Greed,3.0
2025-02-02,0x8170715b3b381dffb7062c0298972d4727a0a63b,30,0.0,0.0,40000.12,0,0.0,0,60.0,Greed,3.0
2025-02-02,0x8381e6d82f1affd39a336e143e081ef7620a3b7f,19,0.0,0.0,36931.96,0,0.0,0,60.0,Greed,3.0
2025-02-02,0x8477e447846c758f5a675856001ea72298fd9cb5,60,1023.9347,17.0656,64164.55,15,0.25,1,60.0,Greed,3.0
2025-02-02,0x92f17e8d81a944691c10e753af1b1baae1a2cd0d,169,12245.905,72.461,400643.99,75,0.4437869822485207,1,60.0,Greed,3.0
2025-02-02,0xa0feb3725a9335f49874d7cd8eaad6be45b27416,29,0.0,0.0,35103.48,0,0.0,0,60.0,Greed,3.0
2025-02-02,0xb1231a4a2dd02f2276fa3c5e2a2f3436e6bfed23,81,12317.0967,152.0629,178074.81,64,0.7901234567901234,1,60.0,Greed,3.0
2025-02-02,0xbee1707d6b44d4d52bfe19e41f8a828645437aab,131,-329.6807,-2.5166,240984.89,38,0.2900763358778626,0,60.0,Greed,3.0
2025-02-03,0x28736f43f1e871e6aa8b1148d38d4994275d72c4,73,8330.2175,114.1126,104558.43,56,0.7671232876712328,1,44.0,Fear,1.0
2025-02-03,0x47add9a56df66b524d5e2c1993a43cde53b6ed85,21,349.1209,16.6248,23240.57,8,0.38095238095238093,1,44.0,Fear,1.0
2025-02-03,0x4f93fead39b70a1824f981a54d4e55b278e9f760,25,8031.0372,321.2415,839680.04,20,0.8,1,44.0,Fear,1.0
2025-02-03,0x72c6a4624e1dffa724e6d00d64ceae698af892a0,24,5349.6942,222.9039,16737.86,24,1.0,1,44.0,Fear,1.0
2025-02-03,0x75f7eeb85dc639d5e99c78f95393aa9a5f1170d4,12,948.6017,79.0501,47082.77,11,0.9166666666666666,1,44.0,Fear,1.0
2025-02-03,0x8170715b3b381dffb7062c0298972d4727a0a63b,2,0.0,0.0,4999.95,0,0.0,0,44.0,Fear,1.0
2025-02-03,0xa0feb3725a9335f49874d7cd8eaad6be45b27416,32,625.5122,19.5473,54119.31,16,0.5,1,44.0,Fear,1.0
2025-02-03,0xb899e522b5715391ae1d4f137653e7906c5e2115,153,24145.0232,157.8106,3615691.15,73,0.477124183006536,1,44.0,Fear,1.0
2025-02-03,0xbd5fead7180a9c139fa51a103cb6a2ce86ddb5c3,84,-2632.6587,-31.3412,1026164.57,0,0.0,0,44.0,Fear,1.0
2025-02-03,0xbee1707d6b44d4d52bfe19e41f8a828645437aab,102,2576.6453,25.2612,195968.57,55,0.5392156862745098,1,44.0,Fear,1.0
2025-02-04,0x28736f43f1e871e6aa8b1148d38d4994275d72c4,70,669.3814,9.5626,28989.4,42,0.6,1,72.0,Greed,3.0
2025-02-04,0x2c229d22b100a7beb69122eed721cee9b24011dd,6,1.1032,0.1839,2371.44,2,0.3333333333333333,1,72.0,Greed,3.0
2025-02-04,0x47add9a56df66b524d5e2c1993a43cde53b6ed85,4,93.0065,23.2516,1623.71,3,0.75,1,72.0,Greed,3.0
2025-02-04,0x4acb90e786d897ecffb614dc822eb231b4ffb9f4,16,444.2052,27.7628,599582.17,10,0.625,1,72.0,Greed,3.0
2025-02-04,0x4f93fead39b70a1824f981a54d4e55b278e9f760,1,0.0,0.0,19999.7,0,0.0,0,72.0,Greed,3.0
2025-02-04,0x6d6a4b953f202f8df5bed40692e7fd865318264a,34,234.4978,6.897,38102.27,9,0.2647058823529412,1,72.0,Greed,3.0
2025-02-04,0x75f7eeb85dc639d5e99c78f95393aa9a5f1170d4,11,90.9847,8.2713,32179.99,9,0.8181818181818182,1,72.0,Greed,3.0
2025-02-04,0x8170715b3b381dffb7062c0298972d4727a0a63b,7,8045.0569,1149.2938,14999.99,7,1.0,1,72.0,Greed,3.0
2025-02-04,0xbaaaf6571ab7d571043ff1e313a9609a10637864,725,85189.6875,117.503,1306944.8,725,1.0,1,72.0,Greed,3.0
2025-02-04,0xbd5fead7180a9c139fa51a103cb6a2ce86ddb5c3,66,2676.685,40.5558,186250.28,62,0.9393939393939394,1,72.0,Greed,3.0
2025-02-04,0xbee1707d6b44d4d52bfe19e41f8a828645437aab,118,1842.8399,15.6173,116943.01,76,0.6440677966101694,1,72.0,Greed,3.0
2025-03-01,0x28736f43f1e871e6aa8b1148d38d4994275d72c4,69,250.5815,3.6316,14983.43,36,0.5217391304347826,1,20.0,Extreme Fear,0.0
2025-03-01,0x39cef799f8b69da1995852eea189df24eb5cae3c,1,0.0,0.0,6217.48,0,0.0,0,20.0,Extreme Fear,0.0
2025-03-01,0x47add9a56df66b524d5e2c1993a43cde53b6ed85,102,846.6558,8.3005,32800.7,24,0.23529411764705882,1,20.0,Extreme Fear,0.0
2025-03-01,0x4f93fead39b70a1824f981a54d4e55b278e9f760,48,3084.2877,64.256,462922.45,29,0.6041666666666666,1,20.0,Extreme Fear,0.0
2025-03-01,0x72c6a4624e1dffa724e6d00d64ceae698af892a0,6,0.0,0.0,36394.5,0,0.0,0,20.0,Extreme Fear,0.0
2025-03-01,0x7f4f299f74eec87806a830e3caa9afa5f2b9db8f,26,937.7896,36.0688,51369.17,17,0.6538461538461539,1,20.0,Extreme Fear,0.0
2025-03-01,0x8477e447846c758f5a675856001ea72298fd9cb5,177,909.1721,5.1366,44562.55,32,0.1807909604519774,1,20.0,Extreme Fear,0.0
2025-03-01,0xb1231a4a2dd02f2276fa3c5e2a2f3436e6bfed23,18,0.0,0.0,10040.31,0,0.0,0,20.0,Extreme Fear,0.0
2025-03-01,0xbd5fead7180a9c139fa51a103cb6a2ce86ddb5c3,61,0.0,0.0,111918.4,0,0.0,0,20.0,Extreme Fear,0.0
2025-03-02,0x083384f897ee0f19899168e3b1bec365f52a9012,819,45539.4557,55.6037,16549295.04,243,0.2967032967032967,1,26.0,Fear,1.0
2025-03-02,0x28736f43f1e871e6aa8b1148d38d4994275d72c4,75,439.634,5.8618,93869.36,45,0.6,1,26.0,Fear,1.0
2025-03-02,0x47add9a56df66b524d5e2c1993a43cde53b6ed85,182,2440.9165,13.4116,115299.86,73,0.4010989010989011,1,26.0,Fear,1.0
2025-03-02,0x75f7eeb85dc639d5e99c78f95393aa9a5f1170d4,351,14982.6817,42.6857,1032269.1,263,0.7492877492877493,1,26.0,Fear,1.0
2025-03-02,0x8170715b3b381dffb7062c0298972d4727a0a63b,119,13770.7153,115.7203,42245.02,96,0.8067226890756303,1,26.0,Fear,1.0
2025-03-02,0x8381e6d82f1affd39a336e143e081ef7620a3b7f,8,0.0,0.0,18810.28,0,0.0,0,26.0,Fear,1.0
2025-03-02,0x8477e447846c758f5a675856001ea72298fd9cb5,138,1474.6076,10.6856,227057.59,67,0.4855072463768116,1,26.0,Fear,1.0
2025-03-02,0xa0feb3725a9335f49874d7cd8eaad6be45b27416,15,2161.6751,144.1117,128667.93,6,0.4,1,26.0,Fear,1.0
2025-03-02,0xa520ded057a32086c40e7dd6ed4eb8efb82c00e0,1,20.5967,20.5967,999.91,1,1.0,1,26.0,Fear,1.0
2025-03-02,0xb1231a4a2dd02f2276fa3c5e2a2f3436e6bfed23,251,10570.7931,42.1147,324054.05,82,0.32669322709163345,1,26.0,Fear,1.0
2025-03-02,0xbd5fead7180a9c139fa51a103cb6a2ce86ddb5c3,57,59931.3684,1051.4275,84160.15,57,1.0,1,26.0,Fear,1.0
2025-03-02,0xbee1707d6b44d4d52bfe19e41f8a828645437aab,325,5803.574,17.8572,571375.07,138,0.4246153846153846,1,26.0,Fear,1.0
2025-03-03,0x083384f897ee0f19899168e3b1bec365f52a9012,594,233358.9472,392.8602,2783928.16,493,0.82996632996633,1,33.0,Fear,1.0
2025-03-03,0x23e7a7f8d14b550961925fbfdaa92f5d195ba5bd,110,2480.9024,22.5537,219900.91,50,0.45454545454545453,1,33.0,Fear,1.0
2025-03-03,0x28736f43f1e871e6aa8b1148d38d4994275d72c4,58,494.6694,8.5288,31141.85,21,0.3620689655172414,1,33.0,Fear,1.0
2025-03-03,0x47add9a56df66b524d5e2c1993a43cde53b6ed85,33,376.0171,11.3945,19510.13,12,0.36363636363636365,1,33.0,Fear,1.0
2025-03-03,0x4acb90e786d897ecffb614dc822eb231b4ffb9f4,19,0.0,0.0,199936.29,0,0.0,0,33.0,Fear,1.0
2025-03-03,0x4f93fead39b70a1824f981a54d4e55b278e9f760,12,1136.2723,94.6894,321169.45,6,0.5,1,33.0,Fear,1.0
2025-03-03,0x72c6a4624e1dffa724e6d00d64ceae698af892a0,13,4774.2891,367.253,23261.71,7,0.5384615384615384,1,33.0,Fear,1.0
2025-03-03,0x75f7eeb85dc639d5e99c78f95393aa9a5f1170d4,101,-370.2501,-3.6658,102889.35,61,0.6039603960396039,0,33.0,Fear,1.0
2025-03-03,0x8170715b3b381dffb7062c0298972d4727a0a63b,8,0.0,0.0,4999.95,0,0.0,0,33.0,Fear,1.0
2025-03-03,0x8477e447846c758f5a675856001ea72298fd9cb5,68,468.352,6.8875,39158.95,23,0.3382352941176471,1,33.0,Fear,1.0
2025-03-03,0xa0feb3725a9335f49874d7cd8eaad6be45b27416,176,60.1714,0.3419,41276.27,15,0.08522727272727272,1,33.0,Fear,1.0
2025-03-03,0xb899e522b5715391ae1d4f137653e7906c5e2115,31,535.4072,17.2712,523107.77,14,0.45161290322580644,1,33.0,Fear,1.0
2025-03-03,0xbd5fead7180a9c139fa51a103cb6a2ce86ddb5c3,132,32500.7513,246.2178,919676.49,108,0.8181818181818182,1,33.0,Fear,1.0
2025-03-03,0xbee1707d6b44d4d52bfe19e41f8a828645437aab,73,2448.0465,33.5349,143853.55,48,0.6575342465753424,1,33.0,Fear,1.0
2025-03-04,0x23e7a7f8d14b550961925fbfdaa92f5d195ba5bd,1,0.0,0.0,54768.6,0,0.0,0,15.0,Extreme Fear,0.0
2025-03-04,0x28736f43f1e871e6aa8b1148d38d4994275d72c4,85,149.5123,1.759,38532.12,10,0.11764705882352941,1,15.0,Extreme Fear,0.0
2025-03-04,0x2c229d22b100a7beb69122eed721cee9b24011dd,26,160.1278,6.1588,19222.63,19,0.7307692307692307,1,15.0,Extreme Fear,0.0
2025-03-04,0x39cef799f8b69da1995852eea189df24eb5cae3c,142,0.0,0.0,673491.65,0,0.0,0,15.0,Extreme Fear,0.0
2025-03-04,0x47add9a56df66b524d5e2c1993a43cde53b6ed85,14,7.052,0.5037,8893.3,2,0.14285714285714285,1,15.0,Extreme Fear,0.0
2025-03-04,0x4acb90e786d897ecffb614dc822eb231b4ffb9f4,60,0.0,0.0,999996.66,0,0.0,0,15.0,Extreme Fear,0.0
2025-03-04,0x4f93fead39b70a1824f981a54d4e55b278e9f760,9,0.0,0.0,279939.1,0,0.0,0,15.0,Extreme Fear,0.0
2025-03-04,0x513b8629fe877bb581bf244e326a047b249c4ff1,49,0.0,0.0,110787.03,0,0.0,0,15.0,Extreme Fear,0.0
2025-03-04,0x6d6a4b953f202f8df5bed40692e7fd865318264a,20,298.0314,14.9016,18458.77,5,0.25,1,15.0,Extreme Fear,0.0
2025-03-04,0x8170715b3b381dffb7062c0298972d4727a0a63b,85,0.0,0.0,478472.76,0,0.0,0,15.0,Extreme Fear,0.0
2025-03-04,0x8477e447846c758f5a675856001ea72298fd9cb5,6,0.0,0.0,3997.21,0,0.0,0,15.0,Extreme Fear,0.0
2025-03-04,0xaf40fdc468c30116bd3307bcbf4a451a7ebf1deb,8,2020.0,252.5,340220.0,1,0.125,1,15.0,Extreme Fear,0.0
2025-03-04,0xb1231a4a2dd02f2276fa3c5e2a2f3436e6bfed23,9,0.0,0.0,49999.95,0,0.0,0,15.0,Extreme Fear,0.0
2025-03-04,0xb899e522b5715391ae1d4f137653e7906c5e2115,24,361.0715,15.0446,680921.11,7,0.2916666666666667,1,15.0,Extreme Fear,0.0
2025-03-04,0xbaaaf6571ab7d571043ff1e313a9609a10637864,937,3869.2088,4.1294,4382512.84,476,0.5080042689434365,1,15.0,Extreme Fear,0.0
2025-03-04,0xbd5fead7180a9c139fa51a103cb6a2ce86ddb5c3,12,-5862.0888,-488.5074,84612.07,0,0.0,0,15.0,Extreme Fear,0.0
2025-03-04,0xbee1707d6b44d4d52bfe19e41f8a828645437aab,261,-3368.8763,-12.9076,445407.35,0,0.0,0,15.0,Extreme Fear,0.0
2025-04-01,0x28736f43f1e871e6aa8b1148d38d4994275d72c4,81,232.6655,2.8724,12691.32,40,0.49382716049382713,1,34.0,Fear,1.0
2025-04-01,0x47add9a56df66b524d5e2c1993a43cde53b6ed85,57,73.4517,1.2886,35836.36,15,0.2631578947368421,1,34.0,Fear,1.0
2025-04-01,0x4f93fead39b70a1824f981a54d4e55b278e9f760,14,0.0,0.0,99999.72,0,0.0,0,34.0,Fear,1.0
2025-04-01,0x72743ae2822edd658c0c50608fd7c5c501b2afbd,141,0.0,0.0,1631349.94,0,0.0,0,34.0,Fear,1.0
2025-04-01,0x72c6a4624e1dffa724e6d00d64ceae698af892a0,1,0.0,0.0,2128.95,0,0.0,0,34.0,Fear,1.0
2025-04-01,0x8381e6d82f1affd39a336e143e081ef7620a3b7f,2,0.0,0.0,1421.73,0,0.0,0,34.0,Fear,1.0
2025-04-01,0x8477e447846c758f5a675856001ea72298fd9cb5,51,30.8181,0.6043,9329.65,2,0.0392156862745098,1,34.0,Fear,1.0
2025-04-01,0xa520ded057a32086c40e7dd6ed4eb8efb82c00e0,5,556.8032,111.3606,1065.47,5,1.0,1,34.0,Fear,1.0
2025-04-01,0xb1231a4a2dd02f2276fa3c5e2a2f3436e6bfed23,19,1659.7996,87.3579,32206.48,13,0.6842105263157895,1,34.0,Fear,1.0
2025-04-02,0x083384f897ee0f19899168e3b1bec365f52a9012,502,17253.263,34.369,4011231.02,55,0.10956175298804781,1,44.0,Fear,1.0
2025-04-02,0x28736f43f1e871e6aa8b1148d38d4994275d72c4,48,1291.5006,26.9063,54703.67,17,0.3541666666666667,1,44.0,Fear,1.0
2025-04-02,0x47add9a56df66b524d5e2c1993a43cde53b6ed85,34,874.3811,25.7171,13258.83,16,0.47058823529411764,1,44.0,Fear,1.0
2025-04-02,0x4f93fead39b70a1824f981a54d4e55b278e9f760,8,3003.731,375.4664,404614.4,8,1.0,1,44.0,Fear,1.0
2025-04-02,0x72c6a4624e1dffa724e6d00d64ceae698af892a0,1,0.0,0.0,15000.0,0,0.0,0,44.0,Fear,1.0
2025-04-02,0x75f7eeb85dc639d5e99c78f95393aa9a5f1170d4,76,1985.8156,26.1292,121983.85,74,0.9736842105263158,1,44.0,Fear,1.0
2025-04-02,0x8170715b3b381dffb7062c0298972d4727a0a63b,45,0.0,0.0,30451.71,0,0.0,0,44.0,Fear,1.0
2025-04-02,0x8381e6d82f1affd39a336e143e081ef7620a3b7f,103,4521.8695,43.9016,6004787.33,48,0.46601941747572817,1,44.0,Fear,1.0
2025-04-02,0x8477e447846c758f5a675856001ea72298fd9cb5,6,0.0,0.0,2775.03,0,0.0,0,44.0,Fear,1.0
2025-04-02,0xa0feb3725a9335f49874d7cd8eaad6be45b27416,731,4624.5838,6.3264,893174.02,138,0.18878248974008208,1,44.0,Fear,1.0
2025-04-02,0xb1231a4a2dd02f2276fa3c5e2a2f3436e6bfed23,661,16102.4446,24.3607,1623702.15,238,0.3600605143721634,1,44.0,Fear,1.0
2025-04-02,0xbd5fead7180a9c139fa51a103cb6a2ce86ddb5c3,18,0.0,0.0,68000.0,0,0.0,0,44.0,Fear,1.0
2025-04-02,0xbee1707d6b44d4d52bfe19e41f8a828645437aab,248,806.7651,3.2531,335267.63,71,0.2862903225806452,1,44.0,Fear,1.0
2025-04-03,0x23e7a7f8d14b550961925fbfdaa92f5d195ba5bd,64,-166.0247,-2.5941,61608.29,0,0.0,0,25.0,Fear,1.0
2025-04-03,0x28736f43f1e871e6aa8b1148d38d4994275d72c4,43,163.7342,3.8078,46953.82,13,0.3023255813953488,1,25.0,Fear,1.0
2025-04-03,0x39cef799f8b69da1995852eea189df24eb5cae3c,63,863.9565,13.7136,202453.39,30,0.47619047619047616,1,25.0,Fear,1.0
2025-04-03,0x47add9a56df66b524d5e2c1993a43cde53b6ed85,32,444.2667,13.8833,16090.35,7,0.21875,1,25.0,Fear,1.0
2025-04-03,0x4acb90e786d897ecffb614dc822eb231b4ffb9f4,155,0.0,0.0,860142.55,0,0.0,0,25.0,Fear,1.0
2025-04-03,0x4f93fead39b70a1824f981a54d4e55b278e9f760,58,4382.91,75.5674,1151487.08,27,0.46551724137931033,1,25.0,Fear,1.0
2025-04-03,0x72c6a4624e1dffa724e6d00d64ceae698af892a0,142,36169.5282,254.715,175046.6,64,0.4507042253521127,1,25.0,Fear,1.0
2025-04-03,0x8170715b3b381dffb7062c0298972d4727a0a63b,15,3633.658,242.2439,9999.92,12,0.8,1,25.0,Fear,1.0
2025-04-03,0x8477e447846c758f5a675856001ea72298fd9cb5,8,54.2704,6.7838,8942.56,1,0.125,1,25.0,Fear,1.0
2025-04-03,0xa0feb3725a9335f49874d7cd8eaad6be45b27416,40,0.0,0.0,14771.07,0,0.0,0,25.0,Fear,1.0
2025-04-03,0xae5eacaf9c6b9111fd53034a602c192a04e082ed,21,0.0,0.0,152639.03,0,0.0,0,25.0,Fear,1.0
2025-04-03,0xb1231a4a2dd02f2276fa3c5e2a2f3436e6bfed23,77,0.0,0.0,136289.6,0,0.0,0,25.0,Fear,1.0
2025-04-03,0xb899e522b5715391ae1d4f137653e7906c5e2115,124,4578.6554,36.9246,2193702.34,63,0.5080645161290323,1,25.0,Fear,1.0
2025-04-03,0xbaaaf6571ab7d571043ff1e313a9609a10637864,563,0.0,0.0,3730033.45,0,0.0,0,25.0,Fear,1.0
2025-04-03,0xbd5fead7180a9c139fa51a103cb6a2ce86ddb5c3,2,0.0,0.0,172000.0,0,0.0,0,25.0,Fear,1.0
2025-04-03,0xbee1707d6b44d4d52bfe19e41f8a828645437aab,979,-4934.6701,-5.0405,1464907.5,377,0.38508682328907046,0,25.0,Fear,1.0
2025-04-04,0x28736f43f1e871e6aa8b1148d38d4994275d72c4,100,498.7353,4.9874,28054.43,56,0.56,1,28.0,Fear,1.0
2025-04-04,0x39cef799f8b69da1995852eea189df24eb5cae3c,34,266.3977,7.8352,673225.18,34,1.0,1,28.0,Fear,1.0
2025-04-04,0x3f9a0aadc7f04a7c9d75dc1b5a6ddd6e36486cf6,1,0.0,0.0,63727.4,0,0.0,0,28.0,Fear,1.0
2025-04-04,0x47add9a56df66b524d5e2c1993a43cde53b6ed85,2,0.0,0.0,1749.56,0,0.0,0,28.0,Fear,1.0
2025-04-04,0x4acb90e786d897ecffb614dc822eb231b4ffb9f4,51,0.0,0.0,421466.09,0,0.0,0,28.0,Fear,1.0
2025-04-04,0x4f93fead39b70a1824f981a54d4e55b278e9f760,21,4591.4271,218.6394,424550.64,13,0.6190476190476191,1,28.0,Fear,1.0
2025-04-04,0x6d6a4b953f202f8df5bed40692e7fd865318264a,60,392.3549,6.5392,37577.76,9,0.15,1,28.0,Fear,1.0
2025-04-04,0x8170715b3b381dffb7062c0298972d4727a0a63b,67,1804.3962,26.9313,57136.47,6,0.08955223880597014,1,28.0,Fear,1.0
2025-04-04,0x8477e447846c758f5a675856001ea72298fd9cb5,54,586.6234,10.8634,26109.75,17,0.3148148148148148,1,28.0,Fear,1.0
2025-04-04,0xb1231a4a2dd02f2276fa3c5e2a2f3436e6bfed23,99,2242.0867,22.6473,112749.28,65,0.6565656565656566,1,28.0,Fear,1.0
2025-04-04,0xb899e522b5715391ae1d4f137653e7906c5e2115,6,0.0,0.0,101691.64,0,0.0,0,28.0,Fear,1.0
2025-04-04,0xbaaaf6571ab7d571043ff1e313a9609a10637864,318,9367.8721,29.4587,699197.85,216,0.6792452830188679,1,28.0,Fear,1.0
2025-04-04,0xbd5fead7180a9c139fa51a103cb6a2ce86ddb5c3,128,-11222.4238,-87.6752,575860.7,24,0.1875,0,28.0,Fear,1.0
2025-04-04,0xbee1707d6b44d4d52bfe19e41f8a828645437aab,326,-4513.1601,-13.844,462902.01,52,0.15950920245398773,0,28.0,Fear,1.0
2025-05-01,0x28736f43f1e871e6aa8b1148d38d4994275d72c4,82,87.7522,1.0701,8297.09,44,0.5365853658536586,1,53.0,Neutral,2.0
2025-05-01,0x47add9a56df66b524d5e2c1993a43cde53b6ed85,38,8.5948,0.2262,16718.76,4,0.10526315789473684,1,53.0,Neutral,2.0
2025-05-01,0x4f93fead39b70a1824f981a54d4e55b278e9f760,19,890.3316,46.8596,369118.91,4,0.21052631578947367,1,53.0,Neutral,2.0
2025-05-01,0x72c6a4624e1dffa724e6d00d64ceae698af892a0,8,0.0,0.0,22909.5,0,0.0,0,53.0,Neutral,2.0
2025-05-01,0x7f4f299f74eec87806a830e3caa9afa5f2b9db8f,7,1093.0568,156.151,12797.13,7,1.0,1,53.0,Neutral,2.0
2025-05-01,0x8381e6d82f1affd39a336e143e081ef7620a3b7f,1,0.0,0.0,456.83,0,0.0,0,53.0,Neutral,2.0
2025-05-01,0x8477e447846c758f5a675856001ea72298fd9cb5,51,151.4296,2.9692,10682.29,9,0.17647058823529413,1,53.0,Neutral,2.0
2025-05-01,0xb1231a4a2dd02f2276fa3c5e2a2f3436e6bfed23,33,956.5545,28.9865,10963.06,32,0.9696969696969697,1,53.0,Neutral,2.0
2025-05-02,0x083384f897ee0f19899168e3b1bec365f52a9012,207,23293.0753,112.5269,5130327.05,75,0.36231884057971014,1,67.0,Greed,3.0
2025-05-02,0x28736f43f1e871e6aa8b1148d38d4994275d72c4,83,696.8107,8.3953,75729.73,37,0.4457831325301205,1,67.0,Greed,3.0
2025-05-02,0x47add9a56df66b524d5e2c1993a43cde53b6ed85,3,32.7227,10.9076,1295.7,1,0.3333333333333333,1,67.0,Greed,3.0
2025-05-02,0x4f93fead39b70a1824f981a54d4e55b278e9f760,9,0.0,0.0,149967.24,0,0.0,0,67.0,Greed,3.0
2025-05-02,0x75f7eeb85dc639d5e99c78f95393aa9a5f1170d4,20,14.5909,0.7295,42145.06,15,0.75,1,67.0,Greed,3.0
2025-05-02,0x8170715b3b381dffb7062c0298972d4727a0a63b,25,0.0,0.0,14999.82,0,0.0,0,67.0,Greed,3.0
2025-05-02,0x8381e6d82f1affd39a336e143e081ef7620a3b7f,327,1843.3018,5.637,767744.96,126,0.3853211009174312,1,67.0,Greed,3.0
2025-05-02,0x8477e447846c758f5a675856001ea72298fd9cb5,20,554.258,27.7129,11099.21,12,0.6,1,67.0,Greed,3.0
2025-05-02,0xa0feb3725a9335f49874d7cd8eaad6be45b27416,367,910.6369,2.4813,1116718.75,45,0.1226158038147139,1,67.0,Greed,3.0
2025-05-02,0xb1231a4a2dd02f2276fa3c5e2a2f3436e6bfed23,218,14644.1007,67.1748,514427.44,92,0.42201834862385323,1,67.0,Greed,3.0
2025-05-02,0xbee1707d6b44d4d52bfe19e41f8a828645437aab,14,713.8281,50.9877,51363.41,11,0.7857142857142857,1,67.0,Greed,3.0
2025-05-03,0x28736f43f1e871e6aa8b1148d38d4994275d72c4,26,437.3545,16.8213,28836.0,20,0.7692307692307693,1,,,
2025-05-03,0x2c229d22b100a7beb69122eed721cee9b24011dd,89,11113.1731,124.8671,225852.67,58,0.651685393258427,1,,,
2025-05-03,0x39cef799f8b69da1995852eea189df24eb5cae3c,43,8187.5943,190.4092,151134.41,24,0.5581395348837209,1,,,
2025-05-03,0x47add9a56df66b524d5e2c1993a43cde53b6ed85,21,423.1833,20.1516,11551.92,6,0.2857142857142857,1,,,
2025-05-03,0x4f93fead39b70a1824f981a54d4e55b278e9f760,54,2741.1014,50.7611,1559003.67,20,0.37037037037037035,1,,,
2025-05-03,0x75f7eeb85dc639d5e99c78f95393aa9a5f1170d4,1,0.0,0.0,39999.96,0,0.0,0,,,
2025-05-03,0x8477e447846c758f5a675856001ea72298fd9cb5,34,34.8644,1.0254,18466.74,4,0.11764705882352941,1,,,
2025-05-03,0xae5eacaf9c6b9111fd53034a602c192a04e082ed,9,0.0,0.0,31505.8,0,0.0,0,,,
2025-05-03,0xb1231a4a2dd02f2276fa3c5e2a2f3436e6bfed23,89,4647.056,52.2141,179915.21,57,0.6404494382022472,1,,,
2025-05-03,0xb899e522b5715391ae1d4f137653e7906c5e2115,100,2036.2245,20.3622,1758733.42,38,0.38,1,,,
2025-05-03,0xbaaaf6571ab7d571043ff1e313a9609a10637864,978,144851.2928,148.1097,3201768.92,893,0.9130879345603272,1,,,
2025-05-03,0xbd5fead7180a9c139fa51a103cb6a2ce86ddb5c3,8,3677.4,459.675,179000.0,8,1.0,1,,,
2025-05-03,0xbee1707d6b44d4d52bfe19e41f8a828645437aab,202,12814.7703,63.4395,365851.66,126,0.6237623762376238,1,,,
2025-05-04,0x28736f43f1e871e6aa8b1148d38d4994275d72c4,56,177.0497,3.1616,18551.42,34,0.6071428571428571,1,,,
2025-05-04,0x3f9a0aadc7f04a7c9d75dc1b5a6ddd6e36486cf6,19,562.1943,29.5892,64289.35,19,1.0,1,,,
2025-05-04,0x47add9a56df66b524d5e2c1993a43cde53b6ed85,25,-132.8813,-5.3153,14666.43,10,0.4,0,,,
2025-05-04,0x4acb90e786d897ecffb614dc822eb231b4ffb9f4,101,28212.0984,279.3277,481987.46,101,1.0,1,,,
2025-05-04,0x513b8629fe877bb581bf244e326a047b249c4ff1,34,0.0,0.0,86259.65,0,0.0,0,,,
2025-05-04,0x6d6a4b953f202f8df5bed40692e7fd865318264a,17,41.4798,2.44,17457.45,11,0.6470588235294118,1,,,
2025-05-04,0x8477e447846c758f5a675856001ea72298fd9cb5,4,0.0,0.0,2498.98,0,0.0,0,,,
2025-05-04,0xaf40fdc468c30116bd3307bcbf4a451a7ebf1deb,8,2400.0,300.0,333099.99,1,0.125,1,,,
2025-05-04,0xb899e522b5715391ae1d4f137653e7906c5e2115,5,611.4935,122.2987,102303.13,5,1.0,1,,,
2025-05-04,0xbee1707d6b44d4d52bfe19e41f8a828645437aab,90,1113.7612,12.3751,100509.71,27,0.3,1,,,
2025-06-01,0x28736f43f1e871e6aa8b1148d38d4994275d72c4,80,114.6842,1.4336,6566.03,21,0.2625,1,,,
2025-06-01,0x47add9a56df66b524d5e2c1993a43cde53b6ed85,84,559.6439,6.6624,34855.47,17,0.20238095238095238,1,,,
2025-06-01,0x4f93fead39b70a1824f981a54d4e55b278e9f760,32,3575.4424,111.7326,343551.17,14,0.4375,1,,,
2025-06-01,0x72c6a4624e1dffa724e6d00d64ceae698af892a0,25,0.0,0.0,72771.21,0,0.0,0,,,
2025-06-01,0x7f4f299f74eec87806a830e3caa9afa5f2b9db8f,1,1260.8326,1260.8326,12912.0,1,1.0,1,,,
2025-06-01,0x8477e447846c758f5a675856001ea72298fd9cb5,266,272.1315,1.0231,65659.13,8,0.03007518796992481,1,,,
2025-06-01,0xb1231a4a2dd02f2276fa3c5e2a2f3436e6bfed23,85,281.4507,3.3112,20211.98,28,0.32941176470588235,1,,,
2025-06-02,0x28736f43f1e871e6aa8b1148d38d4994275d72c4,45,358.8771,7.975,65416.7,17,0.37777777777777777,1,,,
2025-06-02,0x2c229d22b100a7beb69122eed721cee9b24011dd,61,-639.3511,-10.4812,228757.24,35,0.5737704918032787,0,,,
2025-06-02,0x47add9a56df66b524d5e2c1993a43cde53b6ed85,63,922.6724,14.6456,26120.86,15,0.23809523809523808,1,,,
2025-06-02,0x4f93fead39b70a1824f981a54d4e55b278e9f760,10,440.7531,44.0753,300413.94,4,0.4,1,,,
2025-06-02,0x75f7eeb85dc639d5e99c78f95393aa9a5f1170d4,73,2055.5389,28.1581,341318.58,20,0.273972602739726,1,,,
2025-06-02,0x8170715b3b381dffb7062c0298972d4727a0a63b,17,0.0,0.0,7999.76,0,0.0,0,,,
2025-06-02,0x8381e6d82f1affd39a336e143e081ef7620a3b7f,167,71.7736,0.4298,314161.67,39,0.23353293413173654,1,,,
2025-06-02,0xa0feb3725a9335f49874d7cd8eaad6be45b27416,806,2780.1354,3.4493,577728.76,274,0.3399503722084367,1,,,
2025-06-02,0xb1231a4a2dd02f2276fa3c5e2a2f3436e6bfed23,419,51100.9475,121.9593,677553.7,355,0.847255369928401,1,,,
2025-06-02,0xbd5fead7180a9c139fa51a103cb6a2ce86ddb5c3,12,0.0,0.0,132000.0,0,0.0,0,,,
2025-06-02,0xbee1707d6b44d4d52bfe19e41f8a828645437aab,29,1212.4527,41.8087,39537.66,26,0.896551724137931,1,,,
2025-06-03,0x28736f43f1e871e6aa8b1148d38d4994275d72c4,21,291.4693,13.8795,17989.23,13,0.6190476190476191,1,,,
2025-06-03,0x2c229d22b100a7beb69122eed721cee9b24011dd,15,279.152,18.6101,19309.91,11,0.7333333333333333,1,,,
2025-06-03,0x3998f134d6aaa2b6a5f723806d00fd2bbbbce891,37,600.0089,16.2165,51825.01,26,0.7027027027027027,1,,,
2025-06-03,0x47add9a56df66b524d5e2c1993a43cde53b6ed85,12,102.9265,8.5772,8915.96,6,0.5,1,,,
2025-06-03,0x4acb90e786d897ecffb614dc822eb231b4ffb9f4,14,1018.0134,72.7152,109143.02,4,0.2857142857142857,1,,,
2025-06-03,0x4f93fead39b70a1824f981a54d4e55b278e9f760,37,3069.1963,82.9513,643192.97,10,0.2702702702702703,1,,,
2025-06-03,0x8477e447846c758f5a675856001ea72298fd9cb5,7,0.0,0.0,773.73,0,0.0,0,,,
2025-06-03,0xb1231a4a2dd02f2276fa3c5e2a2f3436e6bfed23,66,698.037,10.5763,125778.96,29,0.4393939393939394,1,,,
2025-06-03,0xb899e522b5715391ae1d4f137653e7906c5e2115,375,5348.9895,14.264,4886690.06,228,0.608,1,,,
2025-06-03,0xbaaaf6571ab7d571043ff1e313a9609a10637864,71,0.0,0.0,702888.43,0,0.0,0,,,
2025-06-03,0xbd5fead7180a9c139fa51a103cb6a2ce86ddb5c3,16,0.0,0.0,38934.55,0,0.0,0,,,
2025-06-03,0xbee1707d6b44d4d52bfe19e41f8a828645437aab,88,601.4866,6.8351,123746.02,37,0.42045454545454547,1,,,
2025-06-04,0x28736f43f1e871e6aa8b1148d38d4994275d72c4,74,-476.7706,-6.4428,28676.8,27,0.36486486486486486,0,,,
2025-06-04,0x3998f134d6aaa2b6a5f723806d00fd2bbbbce891,19,0.0,0.0,39996.37,0,0.0,0,,,
2025-06-04,0x39cef799f8b69da1995852eea189df24eb5cae3c,66,10714.4878,162.3407,138080.74,19,0.2878787878787879,1,,,
2025-06-04,0x3f9a0aadc7f04a7c9d75dc1b5a6ddd6e36486cf6,21,0.0,0.0,64267.25,0,0.0,0,,,
2025-06-04,0x47add9a56df66b524d5e2c1993a43cde53b6ed85,15,-1400.5515,-93.3701,9920.72,4,0.26666666666666666,0,,,
2025-06-04,0x4acb90e786d897ecffb614dc822eb231b4ffb9f4,103,0.0,0.0,567374.57,0,0.0,0,,,
2025-06-04,0x4f93fead39b70a1824f981a54d4e55b278e9f760,7,0.0,0.0,179973.59,0,0.0,0,,,
2025-06-04,0x6d6a4b953f202f8df5bed40692e7fd865318264a,22,207.9835,9.4538,30469.59,10,0.45454545454545453,1,,,
2025-06-04,0x75f7eeb85dc639d5e99c78f95393aa9a5f1170d4,39,3370.8586,86.4323,154160.34,36,0.9230769230769231,1,,,
2025-06-04,0x8170715b3b381dffb7062c0298972d4727a0a63b,12,2400.3247,200.0271,155460.22,6,0.5,1,,,
2025-06-04,0x8477e447846c758f5a675856001ea72298fd9cb5,28,67.0808,2.3957,12423.32,4,0.14285714285714285,1,,,
2025-06-04,0xb899e522b5715391ae1d4f137653e7906c5e2115,25,254.0932,10.1637,477594.31,17,0.68,1,,,
2025-06-04,0xbaaaf6571ab7d571043ff1e313a9609a10637864,499,1026.7359,2.0576,1366979.39,172,0.34468937875751504,1,,,
2025-06-04,0xbee1707d6b44d4d52bfe19e41f8a828645437aab,114,1828.7772,16.0419,237329.68,33,0.2894736842105263,1,,,
2025-07-01,0x28736f43f1e871e6aa8b1148d38d4994275d72c4,103,267.8462,2.6004,10681.19,72,0.6990291262135923,1,,,
2025-07-01,0x47add9a56df66b524d5e2c1993a43cde53b6ed85,40,289.2579,7.2314,52479.39,31,0.775,1,,,
2025-07-01,0x4f93fead39b70a1824f981a54d4e55b278e9f760,39,0.0,0.0,473733.88,0,0.0,0,,,
2025-07-01,0x75f7eeb85dc639d5e99c78f95393aa9a5f1170d4,232,11206.7062,48.3048,633196.38,221,0.9525862068965517,1,,,
2025-07-01,0x7f4f299f74eec87806a830e3caa9afa5f2b9db8f,1,0.0,0.0,5768.6,0,0.0,0,,,
2025-07-01,0x8477e447846c758f5a675856001ea72298fd9cb5,222,4334.4172,19.5244,137318.66,161,0.7252252252252253,1,,,
2025-07-02,0x28736f43f1e871e6aa8b1148d38d4994275d72c4,54,932.4458,17.2675,32228.93,36,0.6666666666666666,1,,,
2025-07-02,0x2c229d22b100a7beb69122eed721cee9b24011dd,149,-1145.9244,-7.6908,318137.39,6,0.040268456375838924,0,,,
2025-07-02,0x430f09841d65beb3f27765503d0f850b8bce7713,93,5615.0521,60.3769,417119.94,24,0.25806451612903225,1,,,
2025-07-02,0x47add9a56df66b524d5e2c1993a43cde53b6ed85,17,126.113,7.4184,4899.89,14,0.8235294117647058,1,,,
2025-07-02,0x4f93fead39b70a1824f981a54d4e55b278e9f760,27,3691.3088,136.7151,526723.87,9,0.3333333333333333,1,,,
2025-07-02,0x72c6a4624e1dffa724e6d00d64ceae698af892a0,54,0.0,0.0,41737.45,0,0.0,0,,,
2025-07-02,0x75f7eeb85dc639d5e99c78f95393aa9a5f1170d4,58,2648.4508,45.6629,231829.37,41,0.7068965517241379,1,,,
2025-07-02,0x8170715b3b381dffb7062c0298972d4727a0a63b,9,0.0,0.0,5999.86,0,0.0,0,,,
2025-07-02,0x8477e447846c758f5a675856001ea72298fd9cb5,6,0.0,0.0,1662.92,0,0.0,0,,,
2025-07-02,0x92f17e8d81a944691c10e753af1b1baae1a2cd0d,2,0.0,0.0,92000.0,0,0.0,0,,,
2025-07-02,0xa0feb3725a9335f49874d7cd8eaad6be45b27416,787,6119.3778,7.7756,1376937.75,202,0.25667090216010163,1,,,
2025-07-02,0xb1231a4a2dd02f2276fa3c5e2a2f3436e6bfed23,143,1831.953,12.8109,153505.59,48,0.3356643356643357,1,,,
2025-07-02,0xbee1707d6b44d4d52bfe19e41f8a828645437aab,125,2631.2252,21.0498,257480.58,50,0.4,1,,,
2025-07-03,0x23e7a7f8d14b550961925fbfdaa92f5d195ba5bd,37,0.0,0.0,55481.42,0,0.0,0,,,
2025-07-03,0x28736f43f1e871e6aa8b1148d38d4994275d72c4,40,411.8243,10.2956,29937.28,15,0.375,1,,,
2025-07-03,0x2c229d22b100a7beb69122eed721cee9b24011dd,3,1.1753,0.3918,2917.95,1,0.3333333333333333,1,,,
2025-07-03,0x47add9a56df66b524d5e2c1993a43cde53b6ed85,62,781.6706,12.6076,28747.42,16,0.25806451612903225,1,,,
2025-07-03,0x4acb90e786d897ecffb614dc822eb231b4ffb9f4,57,0.0,0.0,100077.85,0,0.0,0,,,
2025-07-03,0x4f93fead39b70a1824f981a54d4e55b278e9f760,22,3273.5394,148.7972,221986.16,18,0.8181818181818182,1,,,
2025-07-03,0x72c6a4624e1dffa724e6d00d64ceae698af892a0,10,0.0,0.0,4965.01,0,0.0,0,,,
2025-07-03,0x8170715b3b381dffb7062c0298972d4727a0a63b,12,0.0,0.0,149999.77,0,0.0,0,,,
2025-07-03,0x8477e447846c758f5a675856001ea72298fd9cb5,2,9.2667,4.6334,1109.14,1,0.5,1,,,
2025-07-03,0xb1231a4a2dd02f2276fa3c5e2a2f3436e6bfed23,49,0.0,0.0,141700.47,0,0.0,0,,,
2025-07-03,0xb899e522b5715391ae1d4f137653e7906c5e2115,659,5348.6271,8.1163,12525513.26,303,0.4597875569044006,1,,,
2025-07-03,0xbaaaf6571ab7d571043ff1e313a9609a10637864,827,79773.1926,96.4609,3754930.96,562,0.6795646916565901,1,,,
2025-07-03,0xbd5fead7180a9c139fa51a103cb6a2ce86ddb5c3,145,33671.9774,232.2205,1091932.12,95,0.6551724137931034,1,,,
2025-07-03,0xbee1707d6b44d4d52bfe19e41f8a828645437aab,623,9142.0648,14.6743,1174974.32,318,0.5104333868378812,1,,,
2025-07-04,0x28736f43f1e871e6aa8b1148d38d4994275d72c4,149,-12049.3672,-80.8682,92193.25,27,0.18120805369127516,0,,,
2025-07-04,0x3998f134d6aaa2b6a5f723806d00fd2bbbbce891,60,5168.38,86.1397,96622.88,20,0.3333333333333333,1,,,
2025-07-04,0x39cef799f8b69da1995852eea189df24eb5cae3c,922,15472.1222,16.781,3320145.35,289,0.31344902386117135,1,,,
2025-07-04,0x47add9a56df66b524d5e2c1993a43cde53b6ed85,48,-5651.5522,-117.7407,27343.42,7,0.14583333333333334,0,,,
2025-07-04,0x4acb90e786d897ecffb614dc822eb231b4ffb9f4,189,13642.6281,72.1832,1470763.94,40,0.21164021164021163,1,,,
2025-07-04,0x4f93fead39b70a1824f981a54d4e55b278e9f760,45,0.0,0.0,599973.16,0,0.0,0,,,
2025-07-04,0x513b8629fe877bb581bf244e326a047b249c4ff1,73,-7772.0504,-106.4664,391959.07,6,0.0821917808219178,0,,,
2025-07-04,0x6d6a4b953f202f8df5bed40692e7fd865318264a,51,232.0007,4.549,50517.06,7,0.13725490196078433,1,,,
2025-07-04,0x8170715b3b381dffb7062c0298972d4727a0a63b,51,0.0,0.0,139954.52,0,0.0,0,,,
2025-07-04,0x8381e6d82f1affd39a336e143e081ef7620a3b7f,26,-4968.4879,-191.0957,197856.82,0,0.0,0,,,
2025-07-04,0x8477e447846c758f5a675856001ea72298fd9cb5,270,632.303,2.3419,499332.72,73,0.27037037037037037,1,,,
2025-07-04,0x92f17e8d81a944691c10e753af1b1baae1a2cd0d,68,3425.961,50.3818,653351.5,33,0.4852941176470588,1,,,
2025-07-04,0xaf40fdc468c30116bd3307bcbf4a451a7ebf1deb,17,0.0,0.0,38053.98,0,0.0,0,,,
2025-07-04,0xb1231a4a2dd02f2276fa3c5e2a2f3436e6bfed23,80,3601.4274,45.0178,137098.98,38,0.475,1,,,
2025-07-04,0xb899e522b5715391ae1d4f137653e7906c5e2115,113,1291.15,11.4261,2671258.06,30,0.26548672566371684,1,,,
2025-07-04,0xbaaaf6571ab7d571043ff1e313a9609a10637864,146,2378.8773,16.2937,1275024.64,47,0.3219178082191781,1,,,
2025-07-04,0xbd5fead7180a9c139fa51a103cb6a2ce86ddb5c3,101,9690.5063,95.9456,1416425.8,23,0.22772277227722773,1,,,
2025-07-04,0xbee1707d6b44d4d52bfe19e41f8a828645437aab,386,-9593.2581,-24.853,630246.61,20,0.05181347150259067,0,,,
2025-08-01,0x28736f43f1e871e6aa8b1148d38d4994275d72c4,149,651.4694,4.3723,73008.96,85,0.5704697986577181,1,,,
2025-08-01,0x420ab45e0bd8863569a5efbb9c05d91f40624641,12,0.0,0.0,35601.47,0,0.0,0,,,
2025-08-01,0x47add9a56df66b524d5e2c1993a43cde53b6ed85,187,1377.9896,7.3689,98159.5,59,0.3155080213903743,1,,,
2025-08-01,0x4acb90e786d897ecffb614dc822eb231b4ffb9f4,139,0.0,0.0,700570.35,0,0.0,0,,,
2025-08-01,0x4f93fead39b70a1824f981a54d4e55b278e9f760,16,0.0,0.0,308657.88,0,0.0,0,,,
2025-08-01,0x72743ae2822edd658c0c50608fd7c5c501b2afbd,42,8668.4862,206.3925,107196.49,42,1.0,1,,,
2025-08-01,0x75f7eeb85dc639d5e99c78f95393aa9a5f1170d4,49,3710.3618,75.7217,226664.16,45,0.9183673469387755,1,,,
2025-08-01,0x7f4f299f74eec87806a830e3caa9afa5f2b9db8f,11,0.0,0.0,23615.29,0,0.0,0,,,
2025-08-01,0x8477e447846c758f5a675856001ea72298fd9cb5,390,1303.1278,3.3414,160166.71,128,0.3282051282051282,1,,,
2025-08-01,0xb1231a4a2dd02f2276fa3c5e2a2f3436e6bfed23,16,0.0,0.0,15118.5,0,0.0,0,,,
2025-08-01,0xbd5fead7180a9c139fa51a103cb6a2ce86ddb5c3,22,1023.2751,46.5125,26414.2,21,0.9545454545454546,1,,,
2025-08-02,0x28736f43f1e871e6aa8b1148d38d4994275d72c4,32,0.0,0.0,20168.09,0,0.0,0,,,
2025-08-02,0x420ab45e0bd8863569a5efbb9c05d91f40624641,5,0.0,0.0,51613.57,0,0.0,0,,,
2025-08-02,0x47add9a56df66b524d5e2c1993a43cde53b6ed85,22,78.9025,3.5865,11717.3,5,0.22727272727272727,1,,,
2025-08-02,0x4f93fead39b70a1824f981a54d4e55b278e9f760,8,0.0,0.0,179986.01,0,0.0,0,,,
2025-08-02,0x75f7eeb85dc639d5e99c78f95393aa9a5f1170d4,2,235.471,117.7355,13764.55,1,0.5,1,,,
2025-08-02,0x8170715b3b381dffb7062c0298972d4727a0a63b,5,0.0,0.0,4999.92,0,0.0,0,,,
2025-08-02,0x8477e447846c758f5a675856001ea72298fd9cb5,8,131.7533,16.4692,2639.67,7,0.875,1,,,
2025-08-02,0x92f17e8d81a944691c10e753af1b1baae1a2cd0d,152,0.0,0.0,269331.82,0,0.0,0,,,
2025-08-02,0xa0feb3725a9335f49874d7cd8eaad6be45b27416,328,330.0399,1.0062,250781.18,96,0.2926829268292683,1,,,
2025-08-02,0xbee1707d6b44d4d52bfe19e41f8a828645437aab,13,-189.4634,-14.5741,34732.86,1,0.07692307692307693,0,,,
2025-08-03,0x23e7a7f8d14b550961925fbfdaa92f5d195ba5bd,47,2099.0197,44.66,57580.5,47,1.0,1,,,
2025-08-03,0x28736f43f1e871e6aa8b1148d38d4994275d72c4,35,173.8111,4.966,24438.83,14,0.4,1,,,
2025-08-03,0x420ab45e0bd8863569a5efbb9c05d91f40624641,10,9062.9246,906.2925,44504.09,10,1.0,1,,,
2025-08-03,0x47add9a56df66b524d5e2c1993a43cde53b6ed85,31,119.3611,3.8504,13947.75,7,0.22580645161290322,1,,,
2025-08-03,0x4f93fead39b70a1824f981a54d4e55b278e9f760,17,0.0,0.0,120007.91,0,0.0,0,,,
2025-08-03,0x72743ae2822edd658c0c50608fd7c5c501b2afbd,15,0.0,0.0,31798.0,0,0.0,0,,,
2025-08-03,0x72c6a4624e1dffa724e6d00d64ceae698af892a0,7,0.0,0.0,3362.0,0,0.0,0,,,
2025-08-03,0x75f7eeb85dc639d5e99c78f95393aa9a5f1170d4,18,556.4805,30.9156,28328.35,17,0.9444444444444444,1,,,
2025-08-03,0x8170715b3b381dffb7062c0298972d4727a0a63b,38,0.0,0.0,99997.82,0,0.0,0,,,
2025-08-03,0xa520ded057a32086c40e7dd6ed4eb8efb82c00e0,2,-1121.6509,-560.8255,2501.41,0,0.0,0,,,
2025-08-03,0xb1231a4a2dd02f2276fa3c5e2a2f3436e6bfed23,138,2923.5533,21.1852,244599.56,117,0.8478260869565217,1,,,
2025-08-03,0xbd5fead7180a9c139fa51a103cb6a2ce86ddb5c3,36,5836.8743,162.1354,47463.53,36,1.0,1,,,
2025-08-03,0xbee1707d6b44d4d52bfe19e41f8a828645437aab,134,2219.2624,16.5617,159554.75,52,0.3880597014925373,1,,,
2025-08-04,0x28736f43f1e871e6aa8b1148d38d4994275d72c4,65,230.1033,3.5401,18193.11,24,0.36923076923076925,1,,,
2025-08-04,0x39cef799f8b69da1995852eea189df24eb5cae3c,14,3366.4447,240.4603,142563.84,14,1.0,1,,,
2025-08-04,0x47add9a56df66b524d5e2c1993a43cde53b6ed85,42,-6745.0274,-160.5959,29440.15,11,0.2619047619047619,0,,,
2025-08-04,0x4acb90e786d897ecffb614dc822eb231b4ffb9f4,3,221.0,73.6667,156825.0,1,0.3333333333333333,1,,,
2025-08-04,0x4f93fead39b70a1824f981a54d4e55b278e9f760,25,8727.315,349.0926,531342.91,21,0.84,1,,,
2025-08-04,0x513b8629fe877bb581bf244e326a047b249c4ff1,148,3131.8401,21.1611,1430720.55,16,0.10810810810810811,1,,,
2025-08-04,0x6d6a4b953f202f8df5bed40692e7fd865318264a,32,409.4373,12.7949,41829.28,12,0.375,1,,,
2025-08-04,0x72743ae2822edd658c0c50608fd7c5c501b2afbd,77,0.0,0.0,191099.99,0,0.0,0,,,
2025-08-04,0x75f7eeb85dc639d5e99c78f95393aa9a5f1170d4,43,948.8593,22.0665,48011.8,42,0.9767441860465116,1,,,
2025-08-04,0x7f4f299f74eec87806a830e3caa9afa5f2b9db8f,26,246.8944,9.4959,56053.09,16,0.6153846153846154,1,,,
2025-08-04,0x8170715b3b381dffb7062c0298972d4727a0a63b,8,0.0,0.0,149999.02,0,0.0,0,,,
2025-08-04,0x8381e6d82f1affd39a336e143e081ef7620a3b7f,23,142.9916,6.217,91649.26,10,0.43478260869565216,1,,,
2025-08-04,0x8477e447846c758f5a675856001ea72298fd9cb5,46,81.0357,1.7616,38119.45,14,0.30434782608695654,1,,,
2025-08-04,0xa520ded057a32086c40e7dd6ed4eb8efb82c00e0,1,-920.3363,-920.3363,1000.85,0,0.0,0,,,
2025-08-04,0xae5eacaf9c6b9111fd53034a602c192a04e082ed,33,0.0,0.0,94574.77,0,0.0,0,,,
2025-08-04,0xb899e522b5715391ae1d4f137653e7906c5e2115,187,936.6943,5.0091,5054069.34,77,0.4117647058823529,1,,,
2025-08-04,0xbee1707d6b44d4d52bfe19e41f8a828645437aab,167,11735.321,70.2714,254159.43,125,0.7485029940119761,1,,,
2025-09-01,0x28736f43f1e871e6aa8b1148d38d4994275d72c4,103,571.6889,5.5504,75026.01,49,0.47572815533980584,1,,,
2025-09-01,0x47add9a56df66b524d5e2c1993a43cde53b6ed85,95,279.5879,2.943,47362.46,18,0.18947368421052632,1,,,
2025-09-01,0x4acb90e786d897ecffb614dc822eb231b4ffb9f4,94,22645.5698,240.9103,554934.14,54,0.574468085106383,1,,,
2025-09-01,0x7f4f299f74eec87806a830e3caa9afa5f2b9db8f,1,0.0,0.0,9563.74,0,0.0,0,,,
2025-09-01,0x8381e6d82f1affd39a336e143e081ef7620a3b7f,4,0.0,0.0,6038.56,0,0.0,0,,,
2025-09-01,0x8477e447846c758f5a675856001ea72298fd9cb5,222,123.7213,0.5573,99675.12,21,0.0945945945945946,1,,,
2025-09-02,0x083384f897ee0f19899168e3b1bec365f52a9012,136,13266.1537,97.5452,816357.61,127,0.9338235294117647,1,,,
2025-09-02,0x28736f43f1e871e6aa8b1148d38d4994275d72c4,17,31.142,1.8319,11645.55,11,0.6470588235294118,1,,,
2025-09-02,0x47add9a56df66b524d5e2c1993a43cde53b6ed85,29,378.028,13.0354,10230.31,22,0.7586206896551724,1,,,
2025-09-02,0x4f93fead39b70a1824f981a54d4e55b278e9f760,3,866.2036,288.7345,270878.47,1,0.3333333333333333,1,,,
2025-09-02,0x75f7eeb85dc639d5e99c78f95393aa9a5f1170d4,71,627.5568,8.8388,108650.82,66,0.9295774647887324,1,,,
2025-09-02,0x8170715b3b381dffb7062c0298972d4727a0a63b,87,0.0,0.0,12000.32,0,0.0,0,,,
2025-09-02,0x8381e6d82f1affd39a336e143e081ef7620a3b7f,103,1259.5314,12.2285,708608.03,23,0.22330097087378642,1,,,
2025-09-02,0x8477e447846c758f5a675856001ea72298fd9cb5,65,312.0349,4.8005,20960.65,20,0.3076923076923077,1,,,
2025-09-02,0xa0feb3725a9335f49874d7cd8eaad6be45b27416,122,183.5932,1.5049,91236.04,21,0.1721311475409836,1,,,
2025-09-02,0xb1231a4a2dd02f2276fa3c5e2a2f3436e6bfed23,61,4367.2316,71.594,39128.27,6,0.09836065573770492,1,,,
2025-09-02,0xbd5fead7180a9c139fa51a103cb6a2ce86ddb5c3,3,0.0,0.0,1877.44,0,0.0,0,,,
2025-09-02,0xbee1707d6b44d4d52bfe19e41f8a828645437aab,56,204.7219,3.6557,74755.08,21,0.375,1,,,
2025-09-03,0x23e7a7f8d14b550961925fbfdaa92f5d195ba5bd,65,656.5407,10.1006,173973.68,57,0.8769230769230769,1,,,
2025-09-03,0x28736f43f1e871e6aa8b1148d38d4994275d72c4,36,140.9535,3.9154,40265.77,6,0.16666666666666666,1,,,
2025-09-03,0x47add9a56df66b524d5e2c1993a43cde53b6ed85,8,0.0,0.0,6621.23,0,0.0,0,,,
2025-09-03,0x4f93fead39b70a1824f981a54d4e55b278e9f760,11,0.0,0.0,419843.45,0,0.0,0,,,
2025-09-03,0x72743ae2822edd658c0c50608fd7c5c501b2afbd,90,0.0,0.0,122911.96,0,0.0,0,,,
2025-09-03,0x72c6a4624e1dffa724e6d00d64ceae698af892a0,21,0.0,0.0,4890.49,0,0.0,0,,,
2025-09-03,0x8170715b3b381dffb7062c0298972d4727a0a63b,5,3677.4966,735.4993,4999.95,5,1.0,1,,,
2025-09-03,0x8477e447846c758f5a675856001ea72298fd9cb5,35,969.5679,27.7019,8450.19,33,0.9428571428571428,1,,,
2025-09-03,0xb1231a4a2dd02f2276fa3c5e2a2f3436e6bfed23,296,2752.4808,9.2989,526166.48,90,0.30405405405405406,1,,,
2025-09-03,0xb899e522b5715391ae1d4f137653e7906c5e2115,630,10760.5783,17.0803,8745720.92,384,0.6095238095238096,1,,,
2025-09-03,0xbaaaf6571ab7d571043ff1e313a9609a10637864,47,10.1845,0.2167,79764.76,8,0.1702127659574468,1,,,
2025-09-03,0xbee1707d6b44d4d52bfe19e41f8a828645437aab,178,805.6551,4.5262,286089.11,44,0.24719101123595505,1,,,
2025-09-04,0x271b280974205ca63b716753467d5a371de622ab,797,16706.8849,20.9622,4886973.24,300,0.37641154328732745,1,,,
2025-09-04,0x28736f43f1e871e6aa8b1148d38d4994275d72c4,53,94.0774,1.775,12962.14,12,0.22641509433962265,1,,,
2025-09-04,0x3998f134d6aaa2b6a5f723806d00fd2bbbbce891,30,0.0,0.0,39999.58,0,0.0,0,,,
2025-09-04,0x39cef799f8b69da1995852eea189df24eb5cae3c,609,-94880.5009,-155.7972,2367438.75,136,0.2233169129720854,0,,,
2025-09-04,0x3f9a0aadc7f04a7c9d75dc1b5a6ddd6e36486cf6,19,110.5534,5.8186,64377.46,19,1.0,1,,,
2025-09-04,0x430f09841d65beb3f27765503d0f850b8bce7713,79,0.0,0.0,440050.95,0,0.0,0,,,
2025-09-04,0x47add9a56df66b524d5e2c1993a43cde53b6ed85,56,-3911.2739,-69.8442,35736.87,26,0.4642857142857143,0,,,
2025-09-04,0x4acb90e786d897ecffb614dc822eb231b4ffb9f4,278,33417.7377,120.2077,3944282.85,125,0.44964028776978415,1,,,
2025-09-04,0x4f93fead39b70a1824f981a54d4e55b278e9f760,43,13601.5235,316.3145,626070.36,22,0.5116279069767442,1,,,
2025-09-04,0x513b8629fe877bb581bf244e326a047b249c4ff1,119,13617.1958,114.4302,741317.57,83,0.6974789915966386,1,,,
2025-09-04,0x6d6a4b953f202f8df5bed40692e7fd865318264a,60,1395.8205,23.2637,54157.02,25,0.4166666666666667,1,,,
2025-09-04,0x72743ae2822edd658c0c50608fd7c5c501b2afbd,355,33980.0,95.7183,2873921.37,312,0.8788732394366198,1,,,
2025-09-04,0x75f7eeb85dc639d5e99c78f95393aa9a5f1170d4,15,1593.7934,106.2529,58405.28,6,0.4,1,,,
2025-09-04,0x7f4f299f74eec87806a830e3caa9afa5f2b9db8f,799,2975.9277,3.7246,2791902.19,375,0.4693366708385482,1,,,
2025-09-04,0x8170715b3b381dffb7062c0298972d4727a0a63b,54,-4058.8889,-75.1646,441098.03,18,0.3333333333333333,0,,,
2025-09-04,0x8477e447846c758f5a675856001ea72298fd9cb5,136,500.8471,3.6827,125919.71,26,0.19117647058823528,1,,,
2025-09-04,0xae5eacaf9c6b9111fd53034a602c192a04e082ed,13,622.4108,47.8778,10298.35,6,0.46153846153846156,1,,,
2025-09-04,0xb899e522b5715391ae1d4f137653e7906c5e2115,222,6800.8124,30.6343,6213586.58,113,0.509009009009009,1,,,
2025-09-04,0xbd5fead7180a9c139fa51a103cb6a2ce86ddb5c3,70,-33503.6501,-478.6236,359072.48,0,0.0,0,,,
2025-09-04,0xbee1707d6b44d4d52bfe19e41f8a828645437aab,134,2503.6925,18.6843,153175.38,84,0.6268656716417911,1,,,
2025-10-01,0x28736f43f1e871e6aa8b1148d38d4994275d72c4,84,401.7063,4.7822,43858.12,37,0.44047619047619047,1,,,
2025-10-01,0x2c229d22b100a7beb69122eed721cee9b24011dd,136,21980.4725,161.6211,311359.75,125,0.9191176470588235,1,,,
2025-10-01,0x47add9a56df66b524d5e2c1993a43cde53b6ed85,97,-271.2599,-2.7965,56878.56,26,0.26804123711340205,0,,,
2025-10-01,0x4acb90e786d897ecffb614dc822eb231b4ffb9f4,27,2812.7685,104.1766,113287.72,27,1.0,1,,,
2025-10-01,0x4f93fead39b70a1824f981a54d4e55b278e9f760,211,13708.3599,64.9685,5214926.14,98,0.46445497630331756,1,,,
2025-10-01,0x8477e447846c758f5a675856001ea72298fd9cb5,254,1189.0789,4.6814,120981.25,119,0.468503937007874,1,,,
2025-10-01,0xbee1707d6b44d4d52bfe19e41f8a828645437aab,2,0.0,0.0,5999.62,0,0.0,0,,,
2025-10-02,0x083384f897ee0f19899168e3b1bec365f52a9012,43,5499.9699,127.9063,845969.64,11,0.2558139534883721,1,,,
2025-10-02,0x28736f43f1e871e6aa8b1148d38d4994275d72c4,43,436.8338,10.1589,46267.68,29,0.6744186046511628,1,,,
2025-10-02,0x47add9a56df66b524d5e2c1993a43cde53b6ed85,6,4.4272,0.7379,3127.92,2,0.3333333333333333,1,,,
2025-10-02,0x4f93fead39b70a1824f981a54d4e55b278e9f760,84,2069.5584,24.6376,1215549.97,29,0.34523809523809523,1,,,
2025-10-02,0x72c6a4624e1dffa724e6d00d64ceae698af892a0,24,0.0,0.0,52946.94,0,0.0,0,,,
2025-10-02,0x75f7eeb85dc639d5e99c78f95393aa9a5f1170d4,58,990.6745,17.0806,153563.73,35,0.603448275862069,1,,,
2025-10-02,0x8170715b3b381dffb7062c0298972d4727a0a63b,85,24.6345,0.2898,59404.15,29,0.3411764705882353,1,,,
2025-10-02,0x8381e6d82f1affd39a336e143e081ef7620a3b7f,10,0.0,0.0,10894.35,0,0.0,0,,,
2025-10-02,0x8477e447846c758f5a675856001ea72298fd9cb5,46,131.1745,2.8516,26926.87,7,0.15217391304347827,1,,,
2025-10-02,0xa0feb3725a9335f49874d7cd8eaad6be45b27416,304,1338.3984,4.4026,264062.05,185,0.6085526315789473,1,,,
2025-10-02,0xa520ded057a32086c40e7dd6ed4eb8efb82c00e0,2,30.7851,15.3926,499.64,2,1.0,1,,,
2025-10-02,0xb1231a4a2dd02f2276fa3c5e2a2f3436e6bfed23,17,0.0,0.0,33322.12,0,0.0,0,,,
2025-10-02,0xbd5fead7180a9c139fa51a103cb6a2ce86ddb5c3,22,0.0,0.0,13009.77,0,0.0,0,,,
2025-10-02,0xbee1707d6b44d4d52bfe19e41f8a828645437aab,140,3796.0082,27.1143,207823.25,91,0.65,1,,,
2025-10-03,0x23e7a7f8d14b550961925fbfdaa92f5d195ba5bd,53,-1065.7976,-20.1094,176292.61,51,0.9622641509433962,0,,,
2025-10-03,0x28736f43f1e871e6aa8b1148d38d4994275d72c4,31,-4026.7544,-129.8953,25979.85,3,0.0967741935483871,0,,,
2025-10-03,0x3998f134d6aaa2b6a5f723806d00fd2bbbbce891,26,-8224.4911,-316.3266,43000.52,0,0.0,0,,,
2025-10-03,0x47add9a56df66b524d5e2c1993a43cde53b6ed85,16,0.0,0.0,11749.71,0,0.0,0,,,
2025-10-03,0x4acb90e786d897ecffb614dc822eb231b4ffb9f4,114,0.0871,0.0008,637344.88,1,0.008771929824561403,1,,,
2025-10-03,0x4f93fead39b70a1824f981a54d4e55b278e9f760,103,14133.2657,137.2162,2600586.37,42,0.4077669902912621,1,,,
2025-10-03,0x72c6a4624e1dffa724e6d00d64ceae698af892a0,35,-2680.0,-76.5714,23760.49,0,0.0,0,,,
2025-10-03,0x8170715b3b381dffb7062c0298972d4727a0a63b,14,4297.3228,306.9516,54999.92,5,0.35714285714285715,1,,,
2025-10-03,0x8477e447846c758f5a675856001ea72298fd9cb5,3,0.0,0.0,4998.5,0,0.0,0,,,
2025-10-03,0xb1231a4a2dd02f2276fa3c5e2a2f3436e6bfed23,61,0.0,0.0,145960.21,0,0.0,0,,,
2025-10-03,0xb899e522b5715391ae1d4f137653e7906c5e2115,358,9163.1425,25.5954,7660851.18,120,0.33519553072625696,1,,,
2025-10-03,0xbaaaf6571ab7d571043ff1e313a9609a10637864,667,5832.3161,8.7441,3357137.76,208,0.3118440779610195,1,,,
2025-10-03,0xbee1707d6b44d4d52bfe19e41f8a828645437aab,1428,9791.6682,6.8569,1972859.59,727,0.5091036414565826,1,,,
2025-10-04,0x271b280974205ca63b716753467d5a371de622ab,339,13264.0433,39.127,7423746.26,189,0.5575221238938053,1,,,
2025-10-04,0x28736f43f1e871e6aa8b1148d38d4994275d72c4,22,73.7674,3.3531,3657.44,11,0.5,1,,,
2025-10-04,0x39cef799f8b69da1995852eea189df24eb5cae3c,306,-831.2396,-2.7165,1773480.63,176,0.5751633986928104,0,,,
2025-10-04,0x3f9a0aadc7f04a7c9d75dc1b5a6ddd6e36486cf6,6,0.0,0.0,64371.16,0,0.0,0,,,
2025-10-04,0x420ab45e0bd8863569a5efbb9c05d91f40624641,10,5281.8298,528.183,26861.12,10,1.0,1,,,
2025-10-04,0x47add9a56df66b524d5e2c1993a43cde53b6ed85,21,258.0325,12.2873,10926.67,8,0.38095238095238093,1,,,
2025-10-04,0x4acb90e786d897ecffb614dc822eb231b4ffb9f4,212,16906.6793,79.7485,4565550.16,70,0.330188679245283,1,,,
2025-10-04,0x4f93fead39b70a1824f981a54d4e55b278e9f760,9,0.0,0.0,149900.81,0,0.0,0,,,
2025-10-04,0x513b8629fe877bb581bf244e326a047b249c4ff1,336,18708.1174,55.6789,7435213.6,243,0.7232142857142857,1,,,
2025-10-04,0x6d6a4b953f202f8df5bed40692e7fd865318264a,18,463.8131,25.7674,28782.82,9,0.5,1,,,
2025-10-04,0x72743ae2822edd658c0c50608fd7c5c501b2afbd,8,0.0,0.0,100243.21,0,0.0,0,,,
2025-10-04,0x7f4f299f74eec87806a830e3caa9afa5f2b9db8f,105,-372.7646,-3.5501,644130.0,28,0.26666666666666666,0,,,
2025-10-04,0x8170715b3b381dffb7062c0298972d4727a0a63b,89,4596.9604,51.6512,280478.95,44,0.4943820224719101,1,,,
2025-10-04,0x8477e447846c758f5a675856001ea72298fd9cb5,314,-103.7134,-0.3303,274563.89,84,0.267515923566879,0,,,
2025-10-04,0xa520ded057a32086c40e7dd6ed4eb8efb82c00e0,3,-965.1214,-321.7071,1602.02,0,0.0,0,,,
2025-10-04,0xae5eacaf9c6b9111fd53034a602c192a04e082ed,19,5615.9097,295.5742,47249.91,19,1.0,1,,,
2025-10-04,0xb899e522b5715391ae1d4f137653e7906c5e2115,116,-117.6164,-1.0139,3157534.8,64,0.5517241379310345,0,,,
2025-10-04,0xbd5fead7180a9c139fa51a103cb6a2ce86ddb5c3,130,19858.7333,152.7595,266960.03,130,1.0,1,,,
2025-10-04,0xbee1707d6b44d4d52bfe19e41f8a828645437aab,52,35.581,0.6842,50057.18,28,0.5384615384615384,1,,,
2025-11-01,0x28736f43f1e871e6aa8b1148d38d4994275d72c4,37,157.2282,4.2494,17918.2,16,0.43243243243243246,1,,,
2025-11-01,0x2c229d22b100a7beb69122eed721cee9b24011dd,7,-2.4548,-0.3507,12495.93,0,0.0,0,,,
2025-11-01,0x47add9a56df66b524d5e2c1993a43cde53b6ed85,39,71.3908,1.8305,18892.82,7,0.1794871794871795,1,,,
2025-11-01,0x4f93fead39b70a1824f981a54d4e55b278e9f760,76,1559.8415,20.5242,1555106.23,27,0.35526315789473684,1,,,
2025-11-01,0x6d6a4b953f202f8df5bed40692e7fd865318264a,33,0.0,0.0,7499.83,0,0.0,0,,,
2025-11-01,0x8477e447846c758f5a675856001ea72298fd9cb5,82,417.6472,5.0933,35696.63,17,0.2073170731707317,1,,,
2025-11-01,0xbee1707d6b44d4d52bfe19e41f8a828645437aab,9,65.4277,7.2697,10489.07,2,0.2222222222222222,1,,,
2025-11-02,0x083384f897ee0f19899168e3b1bec365f52a9012,6,0.0,0.0,807600.01,0,0.0,0,,,
2025-11-02,0x23e7a7f8d14b550961925fbfdaa92f5d195ba5bd,124,-12346.9908,-99.5725,75901.55,0,0.0,0,,,
2025-11-02,0x28736f43f1e871e6aa8b1148d38d4994275d72c4,41,593.3264,14.4714,40352.36,19,0.4634146341463415,1,,,
2025-11-02,0x47add9a56df66b524d5e2c1993a43cde53b6ed85,17,314.9183,18.5246,7756.45,7,0.4117647058823529,1,,,
2025-11-02,0x4f93fead39b70a1824f981a54d4e55b278e9f760,56,1353.6044,24.1715,704543.29,22,0.39285714285714285,1,,,
2025-11-02,0x75f7eeb85dc639d5e99c78f95393aa9a5f1170d4,5,1053.5231,210.7046,36934.96,3,0.6,1,,,
2025-11-02,0x8170715b3b381dffb7062c0298972d4727a0a63b,13,0.0,0.0,9999.93,0,0.0,0,,,
2025-11-02,0x8381e6d82f1affd39a336e143e081ef7620a3b7f,211,109.9075,0.5209,503396.55,80,0.3791469194312796,1,,,
2025-11-02,0x8477e447846c758f5a675856001ea72298fd9cb5,19,56.5374,2.9757,10821.48,5,0.2631578947368421,1,,,
2025-11-02,0xa0feb3725a9335f49874d7cd8eaad6be45b27416,183,869.7571,4.7528,222415.75,31,0.16939890710382513,1,,,
2025-11-02,0xb1231a4a2dd02f2276fa3c5e2a2f3436e6bfed23,121,0.0,0.0,276535.25,0,0.0,0,,,
2025-11-02,0xbee1707d6b44d4d52bfe19e41f8a828645437aab,52,1901.6318,36.5698,101286.59,18,0.34615384615384615,1,,,
2025-11-03,0x28736f43f1e871e6aa8b1148d38d4994275d72c4,24,0.0,0.0,12922.59,0,0.0,0,,,
2025-11-03,0x2c229d22b100a7beb69122eed721cee9b24011dd,13,276.7687,21.2899,50041.98,10,0.7692307692307693,1,,,
2025-11-03,0x3998f134d6aaa2b6a5f723806d00fd2bbbbce891,115,-45343.5105,-394.2914,179323.82,0,0.0,0,,,
2025-11-03,0x420ab45e0bd8863569a5efbb9c05d91f40624641,59,199.9569,3.3891,100315.95,1,0.01694915254237288,1,,,
2025-11-03,0x47add9a56df66b524d5e2c1993a43cde53b6ed85,32,266.8371,8.3387,16147.32,4,0.125,1,,,
2025-11-03,0x4acb90e786d897ecffb614dc822eb231b4ffb9f4,84,0.0,0.0,270186.14,0,0.0,0,,,
2025-11-03,0x4f93fead39b70a1824f981a54d4e55b278e9f760,33,2479.2658,75.1293,1051214.99,21,0.6363636363636364,1,,,
2025-11-03,0x75f7eeb85dc639d5e99c78f95393aa9a5f1170d4,170,23670.1882,139.2364,544456.68,161,0.9470588235294117,1,,,
2025-11-03,0x8170715b3b381dffb7062c0298972d4727a0a63b,8,0.0,0.0,4999.94,0,0.0,0,,,
2025-11-03,0x8477e447846c758f5a675856001ea72298fd9cb5,8,94.4826,11.8103,10092.1,6,0.75,1,,,
2025-11-03,0xae5eacaf9c6b9111fd53034a602c192a04e082ed,4,0.0,0.0,27647.7,0,0.0,0,,,
2025-11-03,0xb1231a4a2dd02f2276fa3c5e2a2f3436e6bfed23,273,2349.7162,8.607,544166.21,130,0.47619047619047616,1,,,
2025-11-03,0xb899e522b5715391ae1d4f137653e7906c5e2115,465,-51088.2176,-109.8671,6826912.52,89,0.1913978494623656,0,,,
2025-11-03,0xbaaaf6571ab7d571043ff1e313a9609a10637864,1651,1058.58,0.6412,3610499.47,77,0.04663840096910963,1,,,
2025-11-03,0xbd5fead7180a9c139fa51a103cb6a2ce86ddb5c3,7,0.0,0.0,32137.2,0,0.0,0,,,
2025-11-03,0xbee1707d6b44d4d52bfe19e41f8a828645437aab,333,-136.4174,-0.4097,408130.63,115,0.34534534534534533,0,,,
2025-11-04,0x28736f43f1e871e6aa8b1148d38d4994275d72c4,14,67.0062,4.7862,4692.21,6,0.42857142857142855,1,,,
2025-11-04,0x2c229d22b100a7beb69122eed721cee9b24011dd,45,1419.9225,31.5538,58974.83,34,0.7555555555555555,1,,,
2025-11-04,0x47add9a56df66b524d5e2c1993a43cde53b6ed85,28,608.2466,21.7231,10608.06,17,0.6071428571428571,1,,,
2025-11-04,0x4acb90e786d897ecffb614dc822eb231b4ffb9f4,60,11696.4147,194.9402,165344.08,60,1.0,1,,,
2025-11-04,0x4f93fead39b70a1824f981a54d4e55b278e9f760,2,272.613,136.3065,13089.6,2,1.0,1,,,
2025-11-04,0x513b8629fe877bb581bf244e326a047b249c4ff1,65,0.0,0.0,2161623.49,0,0.0,0,,,
2025-11-04,0x6d6a4b953f202f8df5bed40692e7fd865318264a,5,56.2165,11.2433,10805.27,1,0.2,1,,,
2025-11-04,0x72743ae2822edd658c0c50608fd7c5c501b2afbd,3,0.0,0.0,155202.3,0,0.0,0,,,
2025-11-04,0x7f4f299f74eec87806a830e3caa9afa5f2b9db8f,279,2550.1088,9.1402,655093.27,136,0.4874551971326165,1,,,
2025-11-04,0x8170715b3b381dffb7062c0298972d4727a0a63b,237,-6825.9405,-28.8014,658684.28,0,0.0,0,,,
2025-11-04,0x8381e6d82f1affd39a336e143e081ef7620a3b7f,3,0.0,0.0,20592.2,0,0.0,0,,,
2025-11-04,0x8477e447846c758f5a675856001ea72298fd9cb5,61,19.2026,0.3148,33735.49,12,0.19672131147540983,1,,,
2025-11-04,0xaf40fdc468c30116bd3307bcbf4a451a7ebf1deb,6,1240.679,206.7798,49310.25,6,1.0,1,,,
2025-11-04,0xb1231a4a2dd02f2276fa3c5e2a2f3436e6bfed23,20,0.0,0.0,33318.82,0,0.0,0,,,
2025-11-04,0xb899e522b5715391ae1d4f137653e7906c5e2115,128,-482.408,-3.7688,5165726.21,49,0.3828125,0,,,
2025-11-04,0xbee1707d6b44d4d52bfe19e41f8a828645437aab,123,857.6029,6.9724,164913.23,29,0.23577235772357724,1,,,
2025-12-01,0x28736f43f1e871e6aa8b1148d38d4994275d72c4,63,274.773,4.3615,28122.33,39,0.6190476190476191,1,,,
2025-12-01,0x3f9a0aadc7f04a7c9d75dc1b5a6ddd6e36486cf6,2,12.6096,6.3048,81.34,2,1.0,1,,,
2025-12-01,0x47add9a56df66b524d5e2c1993a43cde53b6ed85,44,103.6773,2.3563,12408.44,6,0.13636363636363635,1,,,
2025-12-01,0x4acb90e786d897ecffb614dc822eb231b4ffb9f4,390,927.4127,2.378,323771.05,390,1.0,1,,,
2025-12-01,0x4f93fead39b70a1824f981a54d4e55b278e9f760,75,736.6215,9.8216,1855292.07,34,0.4533333333333333,1,,,
2025-12-01,0x6d6a4b953f202f8df5bed40692e7fd865318264a,12,0.0,0.0,10000.0,0,0.0,0,,,
2025-12-01,0x8477e447846c758f5a675856001ea72298fd9cb5,15,0.0,0.0,4990.18,0,0.0,0,,,
2025-12-02,0x23e7a7f8d14b550961925fbfdaa92f5d195ba5bd,159,355.5854,2.2364,427297.12,127,0.7987421383647799,1,,,
2025-12-02,0x28736f43f1e871e6aa8b1148d38d4994275d72c4,59,198.7804,3.3692,42341.16,27,0.4576271186440678,1,,,
2025-12-02,0x430f09841d65beb3f27765503d0f850b8bce7713,107,16480.6486,154.0248,392085.82,44,0.411214953271028,1,,,
2025-12-02,0x47add9a56df66b524d5e2c1993a43cde53b6ed85,5,117.0992,23.4198,3308.29,4,0.8,1,,,
2025-12-02,0x4f93fead39b70a1824f981a54d4e55b278e9f760,84,5212.7299,62.0563,1243390.53,45,0.5357142857142857,1,,,
2025-12-02,0x75f7eeb85dc639d5e99c78f95393aa9a5f1170d4,114,-9122.1917,-80.0192,303485.32,28,0.24561403508771928,0,,,
2025-12-02,0x8170715b3b381dffb7062c0298972d4727a0a63b,23,0.0,0.0,24999.67,0,0.0,0,,,
2025-12-02,0x8381e6d82f1affd39a336e143e081ef7620a3b7f,81,2760.4398,34.0795,1003654.27,57,0.7037037037037037,1,,,
2025-12-02,0x8477e447846c758f5a675856001ea72298fd9cb5,30,299.6699,9.989,12328.46,23,0.7666666666666667,1,,,
2025-12-02,0xa0feb3725a9335f49874d7cd8eaad6be45b27416,50,0.0,0.0,49983.3,0,0.0,0,,,
2025-12-02,0xb1231a4a2dd02f2276fa3c5e2a2f3436e6bfed23,243,8664.9338,35.6582,412695.06,76,0.31275720164609055,1,,,
2025-12-02,0xbee1707d6b44d4d52bfe19e41f8a828645437aab,71,1747.1899,24.6083,115270.92,45,0.6338028169014085,1,,,
2025-12-03,0x23e7a7f8d14b550961925fbfdaa92f5d195ba5bd,53,1591.7533,30.0331,115769.39,52,0.9811320754716981,1,,,
2025-12-03,0x28736f43f1e871e6aa8b1148d38d4994275d72c4,9,33.011,3.6679,7666.75,4,0.4444444444444444,1,,,
2025-12-03,0x39cef799f8b69da1995852eea189df24eb5cae3c,39,0.0,0.0,99440.18,0,0.0,0,,,
2025-12-03,0x47add9a56df66b524d5e2c1993a43cde53b6ed85,7,78.7144,11.2449,5169.82,3,0.42857142857142855,1,,,
2025-12-03,0x4f93fead39b70a1824f981a54d4e55b278e9f760,10,0.0,0.0,179993.79,0,0.0,0,,,
2025-12-03,0x75f7eeb85dc639d5e99c78f95393aa9a5f1170d4,24,788.2095,32.8421,49275.18,21,0.875,1,,,
2025-12-03,0x8170715b3b381dffb7062c0298972d4727a0a63b,11,-2493.8497,-226.7136,54999.26,0,0.0,0,,,
2025-12-03,0x8477e447846c758f5a675856001ea72298fd9cb5,3,0.0,0.0,2000.46,0,0.0,0,,,
2025-12-03,0xb1231a4a2dd02f2276fa3c5e2a2f3436e6bfed23,334,1215.1561,3.6382,451312.46,34,0.10179640718562874,1,,,
2025-12-03,0xb899e522b5715391ae1d4f137653e7906c5e2115,251,4544.584,18.1059,7092968.81,146,0.5816733067729084,1,,,
2025-12-03,0xbaaaf6571ab7d571043ff1e313a9609a10637864,2612,244493.1386,93.6038,7560937.19,1703,0.6519908116385911,1,,,
2025-12-03,0xbd5fead7180a9c139fa51a103cb6a2ce86ddb5c3,55,-843.6268,-15.3387,547712.37,0,0.0,0,,,
2025-12-03,0xbee1707d6b44d4d52bfe19e41f8a828645437aab,553,8096.9377,14.6418,990831.72,272,0.4918625678119349,1,,,
2025-12-04,0x083384f897ee0f19899168e3b1bec365f52a9012,26,6312.8076,242.8003,13661.76,26,1.0,1,,,
2025-12-04,0x28736f43f1e871e6aa8b1148d38d4994275d72c4,3,10.4993,3.4998,234.57,3,1.0,1,,,
2025-12-04,0x3998f134d6aaa2b6a5f723806d00fd2bbbbce891,32,2466.6047,77.0814,35386.74,32,1.0,1,,,
2025-12-04,0x3f9a0aadc7f04a7c9d75dc1b5a6ddd6e36486cf6,27,3593.9892,133.1107,67964.39,27,1.0,1,,,
2025-12-04,0x47add9a56df66b524d5e2c1993a43cde53b6ed85,41,3105.9203,75.7542,22557.87,24,0.5853658536585366,1,,,
2025-12-04,0x4acb90e786d897ecffb614dc822eb231b4ffb9f4,68,0.0,0.0,1147722.14,0,0.0,0,,,
2025-12-04,0x513b8629fe877bb581bf244e326a047b249c4ff1,1244,32147.1247,25.8417,43738048.87,188,0.15112540192926044,1,,,
2025-12-04,0x6d6a4b953f202f8df5bed40692e7fd865318264a,12,-89.1781,-7.4315,13134.46,0,0.0,0,,,
2025-12-04,0x72c6a4624e1dffa724e6d00d64ceae698af892a0,12,-3546.9,-295.575,18973.91,0,0.0,0,,,
2025-12-04,0x75f7eeb85dc639d5e99c78f95393aa9a5f1170d4,44,1442.9052,32.7933,61443.59,42,0.9545454545454546,1,,,
2025-12-04,0x7f4f299f74eec87806a830e3caa9afa5f2b9db8f,120,303.1701,2.5264,435988.27,69,0.575,1,,,
2025-12-04,0x8170715b3b381dffb7062c0298972d4727a0a63b,22,0.0,0.0,59999.38,0,0.0,0,,,
2025-12-04,0x8381e6d82f1affd39a336e143e081ef7620a3b7f,8,202.2756,25.2845,20794.37,8,1.0,1,,,
2025-12-04,0x8477e447846c758f5a675856001ea72298fd9cb5,24,0.0,0.0,18547.34,0,0.0,0,,,
2025-12-04,0xae5eacaf9c6b9111fd53034a602c192a04e082ed,45,2513.431,55.854,101827.89,24,0.5333333333333333,1,,,
2025-12-04,0xaf40fdc468c30116bd3307bcbf4a451a7ebf1deb,14,0.0,0.0,20099.91,0,0.0,0,,,
2025-12-04,0xb1231a4a2dd02f2276fa3c5e2a2f3436e6bfed23,17,0.0,0.0,66609.9,0,0.0,0,,,
2025-12-04,0xb899e522b5715391ae1d4f137653e7906c5e2115,7,50.5679,7.224,163124.33,4,0.5714285714285714,1,,,
2025-12-04,0xbd5fead7180a9c139fa51a103cb6a2ce86ddb5c3,24,0.0,0.0,1273767.04,0,0.0,0,,,
2025-12-04,0xbee1707d6b44d4d52bfe19e41f8a828645437aab,307,4358.5991,14.1974,469749.1,115,0.3745928338762215,1,,,
